station_id,station_name,datetime,temperature,rainfall
C0TA50,和仁,2025/6/13 12:00,,23
C0TA50,和仁,2025/6/14 12:00,,0
C0TA50,和仁,2025/6/15 12:00,28.7,0
C0TA50,和仁,2025/6/16 12:00,29.5,0
C0TA50,和仁,2025/6/17 12:00,28.6,11.5
C0TA50,和仁,2025/6/18 12:00,27.9,0
C0TA50,和仁,2025/6/19 12:00,29,0
C0TA50,和仁,2025/6/20 12:00,28.5,4.5
C0TA50,和仁,2025/6/21 12:00,28.8,0
C0TA50,和仁,2025/6/22 12:00,29,0
C0TA50,和仁,2025/6/23 12:00,29.4,0
C0TA50,和仁,2025/6/24 12:00,29.7,0
C0TA50,和仁,2025/6/25 12:00,29.2,44.5
C0TA50,和仁,2025/6/26 12:00,29.2,0
C0TA50,和仁,2025/6/27 12:00,29.7,0
C0TA50,和仁,2025/6/28 12:00,29.6,0
C0TA50,和仁,2025/6/29 12:00,29.3,0
C0TA50,和仁,2025/6/30 12:00,30.1,0
C0TA50,和仁,2025/7/1 12:00,30.2,0.5
C0TA50,和仁,2025/7/2 12:00,30.4,0
C0TA50,和仁,2025/7/3 12:00,29.9,0
C0TA50,和仁,2025/7/4 12:00,30,0
C0TA50,和仁,2025/7/5 12:00,29.5,0
C0TA50,和仁,2025/7/6 12:00,26.4,27
C0TA50,和仁,2025/7/7 12:00,26.5,4.5
C0TA50,和仁,2025/7/8 12:00,28,0
C0TA50,和仁,2025/7/9 12:00,27,1
C0TA50,和仁,2025/7/10 12:00,25.8,2.5
C0TA50,和仁,2025/7/11 12:00,26.9,0.5
C0TA50,和仁,2025/7/12 12:00,28.4,0
C0TA50,和仁,2025/7/13 12:00,28.9,0
C0TA50,和仁,2025/7/14 12:00,28.8,4.5
C0TA50,和仁,2025/7/15 12:00,29.7,0
C0TA50,和仁,2025/7/16 12:00,29.3,0
C0TA50,和仁,2025/7/17 12:00,29.9,0
C0TA50,和仁,2025/7/18 12:00,28.2,49
C0TA50,和仁,2025/7/19 12:00,26.9,112
C0TA50,和仁,2025/7/20 12:00,26,79.5
C0TA50,和仁,2025/7/21 12:00,25.4,43
C0TA50,和仁,2025/7/22 12:00,27.4,2
C0TA50,和仁,2025/7/23 12:00,28.8,5.5
C0TA50,和仁,2025/7/24 12:00,30.2,0.5
C0TA50,和仁,2025/7/25 12:00,29,0
C0TA50,和仁,2025/7/26 12:00,28.9,0.5
C0TA50,和仁,2025/7/27 12:00,29.4,0
C0TA50,和仁,2025/7/28 12:00,27.8,13
C0TA50,和仁,2025/7/29 12:00,28.1,3.5
C0TA50,和仁,2025/7/30 12:00,28.7,0
C0TA50,和仁,2025/7/31 12:00,28,10
C0TA50,和仁,2025/8/1 12:00,28.6,0
C0TA50,和仁,2025/8/2 12:00,27.8,3
C0TA50,和仁,2025/8/3 12:00,28,0.5
C0TA50,和仁,2025/8/4 12:00,28.7,0.5
C0TA50,和仁,2025/8/5 12:00,28.9,0
C0TA50,和仁,2025/8/6 12:00,28.5,0
C0TA50,和仁,2025/8/7 12:00,28.5,0
C0TA50,和仁,2025/8/8 12:00,29,0
C0TA50,和仁,2025/8/9 12:00,29.3,0
C0TA50,和仁,2025/8/10 12:00,29.3,0
C0TA50,和仁,2025/8/11 12:00,29.4,0
C0TA50,和仁,2025/8/12 12:00,29.9,0
C0TA50,和仁,2025/8/13 12:00,28.1,32.5
C0TA50,和仁,2025/8/14 12:00,28.4,0
C0TA50,和仁,2025/8/15 12:00,29.2,0
C0TA50,和仁,2025/8/16 12:00,29.4,0
C0TA50,和仁,2025/8/17 12:00,29.4,0
C0TA50,和仁,2025/8/18 12:00,28.6,31.5
C0TA50,和仁,2025/8/19 12:00,28.3,0
C0TA50,和仁,2025/8/20 12:00,28.8,0
C0TA50,和仁,2025/8/21 12:00,29,0
C0TA50,和仁,2025/8/22 12:00,29.5,0
C0TA50,和仁,2025/8/23 12:00,29.7,0
C0TA50,和仁,2025/8/24 12:00,29.5,0
C0TA50,和仁,2025/8/25 12:00,29.6,0
C0TA50,和仁,2025/8/26 12:00,29,0
C0TA50,和仁,2025/8/27 12:00,28.5,0.5
C0TA50,和仁,2025/8/28 12:00,28.8,1.5
C0TA50,和仁,2025/8/29 12:00,28.9,11.5
C0TA50,和仁,2025/8/30 12:00,28.9,0
C0TA50,和仁,2025/8/31 12:00,27.5,1.5
C0TA50,和仁,2025/9/1 12:00,28.5,0.5
C0TA50,和仁,2025/9/2 12:00,28.8,0
C0TA50,和仁,2025/9/3 12:00,29.3,0
C0TA50,和仁,2025/9/4 12:00,29.6,0
C0TA50,和仁,2025/9/5 12:00,29.9,0
C0TA50,和仁,2025/9/6 12:00,30.3,0
C0TA50,和仁,2025/9/7 12:00,29.7,0
C0TA50,和仁,2025/9/8 12:00,28.2,45
C0TA50,和仁,2025/9/9 12:00,29.3,0
C0TA50,和仁,2025/9/10 12:00,29.3,0
C0TA50,和仁,2025/9/11 12:00,29.6,0
C0TA50,和仁,2025/9/12 12:00,29.8,0
C0TA50,和仁,2025/9/13 12:00,29.7,0
C0TA50,和仁,2025/9/14 12:00,29.5,0
C0TA50,和仁,2025/9/15 12:00,30,0
C0TA50,和仁,2025/9/16 12:00,29.8,0
C0TA50,和仁,2025/9/17 12:00,29.3,0
C0TA50,和仁,2025/9/18 12:00,28.9,6
C0TA50,和仁,2025/9/19 12:00,28.4,0
C0TA50,和仁,2025/9/20 12:00,28.6,0
C0TA50,和仁,2025/9/21 12:00,28.7,19
C0TA50,和仁,2025/9/22 12:00,26.8,185
C0TA50,和仁,2025/9/23 12:00,27.6,195
C0TA50,和仁,2025/9/24 12:00,28.3,19
C0TA50,和仁,2025/9/25 12:00,28.5,0
C0TA50,和仁,2025/9/26 12:00,27.3,8.5
C0TA50,和仁,2025/9/27 12:00,28.9,0
C0TA50,和仁,2025/9/28 12:00,28.8,0
C0TA50,和仁,2025/9/29 12:00,28,0.5
C0TA50,和仁,2025/9/30 12:00,28.1,0.5
C0TA50,和仁,2025/10/1 12:00,28.2,0
C0TA50,和仁,2025/10/2 12:00,28.7,0
C0TA50,和仁,2025/10/3 12:00,29.3,0
C0TA50,和仁,2025/10/4 12:00,28.7,0
C0TA50,和仁,2025/10/5 12:00,28.7,0
C0TA50,和仁,2025/10/6 12:00,28.4,0
C0TA50,和仁,2025/10/7 12:00,29.1,0
C0TA50,和仁,2025/10/8 12:00,29,0
C0TA50,和仁,2025/10/9 12:00,28.5,0
C0TA50,和仁,2025/10/10 12:00,28.2,0
C0TA50,和仁,2025/10/11 12:00,28.1,0
C0TA50,和仁,2025/10/12 12:00,28.3,0
C0TA50,和仁,2025/10/13 12:00,28.7,0
C0TA50,和仁,2025/10/14 12:00,28,3.5
C0TA50,和仁,2025/10/15 12:00,28.5,0
C0TA50,和仁,2025/10/16 12:00,28.3,2
C0TA50,和仁,2025/10/17 12:00,28.1,0
C0TA50,和仁,2025/10/18 12:00,28.9,5.5
C0TA50,和仁,2025/10/19 12:00,26,20
C0TA50,和仁,2025/10/20 12:00,25.7,65
C0TA50,和仁,2025/10/21 12:00,28.9,9.5
C0TA50,和仁,2025/10/22 12:00,27.6,4
C0TA50,和仁,2025/10/23 12:00,26.6,0.5
C0TA50,和仁,2025/10/24 12:00,26.7,3
C0TA50,和仁,2025/10/25 12:00,25.7,1
C0TA50,和仁,2025/10/26 12:00,25.6,0
C0TA50,和仁,2025/10/27 12:00,24.2,1.5
C0TA50,和仁,2025/10/28 12:00,22.5,6.5
C0TA50,和仁,2025/10/29 12:00,23,15
C0TA50,和仁,2025/10/30 12:00,25.8,0
C0TA50,和仁,2025/10/31 12:00,24.9,0.5
C0TA50,和仁,2025/11/1 12:00,22.6,0
C0TA50,和仁,2025/11/2 12:00,21.6,2
C0TA50,和仁,2025/11/3 12:00,22.3,0.5
C0TA50,和仁,2025/11/4 12:00,23.9,0
C0TA50,和仁,2025/11/5 12:00,25.3,0
C0TA50,和仁,2025/11/6 12:00,25,0
C0TA50,和仁,2025/11/7 12:00,26.4,0
C0TA50,和仁,2025/11/8 12:00,25.6,0.5
C0TA50,和仁,2025/11/9 12:00,25.9,0
C0TA50,和仁,2025/11/10 12:00,23.9,89
C0TA50,和仁,2025/11/11 12:00,24.5,108
C0TA50,和仁,2025/11/12 12:00,25.5,18
C0TA50,和仁,2025/11/13 12:00,26.7,0.5
C0TA50,和仁,2025/11/14 12:00,24,0
C0TA50,和仁,2025/11/15 12:00,23.8,0
C0TA50,和仁,2025/11/16 12:00,25.3,0
C0TA50,和仁,2025/11/17 12:00,25.4,0
C0TA50,和仁,2025/11/18 12:00,23.1,0
C0TA50,和仁,2025/11/19 12:00,19.6,0
C0TA50,和仁,2025/11/20 12:00,19.9,0
C0TA50,和仁,2025/11/21 12:00,21.5,0.5
C0TA50,和仁,2025/11/22 12:00,22.2,0
C0TA50,和仁,2025/11/23 12:00,24,0
C0TA50,和仁,2025/11/24 12:00,24.6,2
C0TA50,和仁,2025/11/25 12:00,21.5,0
C0TA50,和仁,2025/11/26 12:00,20.6,0
C0TA50,和仁,2025/11/27 12:00,20.9,0
C0TA50,和仁,2025/11/28 12:00,19.9,0
C0TA50,和仁,2025/11/29 12:00,22,0
C0TA50,和仁,2025/11/30 12:00,23.6,0
C0TA50,和仁,2025/12/1 12:00,23.6,0
C0TA50,和仁,2025/12/2 12:00,23.5,0
C0TA50,和仁,2025/12/3 12:00,21,0
C0TA50,和仁,2025/12/4 12:00,19.1,0
C0TA50,和仁,2025/12/5 12:00,20.1,0.5
C0TA50,和仁,2025/12/6 12:00,20.3,0.5
C0TA50,和仁,2025/12/7 12:00,21.8,2
C0TA50,和仁,2025/12/8 12:00,22.8,0
C0TA50,和仁,2025/12/9 12:00,20,29
C0TA50,和仁,2025/12/10 12:00,23,1.5
C0TA50,和仁,2025/12/11 12:00,22.7,0
C0TA50,和仁,2025/12/12 12:00,22.3,0
C0TA50,和仁,2025/12/13 12:00,22.6,0.5
C0TA50,和仁,2025/12/14 12:00,17.3,0
C0TA50,和仁,2025/12/15 12:00,18.9,0
C0TA50,和仁,2025/12/16 12:00,21.3,0
C0TA50,和仁,2025/12/17 12:00,22.9,0
C0TA50,和仁,2025/12/18 12:00,19.8,8
C0TA50,和仁,2025/12/19 12:00,21.7,3
C0TA50,和仁,2025/12/20 12:00,21,8
C0TA50,和仁,2025/12/21 12:00,21.7,0
C0TA50,和仁,2025/12/22 12:00,20.4,0
C0TA50,和仁,2025/12/23 12:00,21.9,0.5
C0TA50,和仁,2025/12/24 12:00,22.2,27.5
C0TA50,和仁,2025/12/25 12:00,18.8,0
C0TA50,和仁,2025/12/26 12:00,15.8,1.5
C0TA50,和仁,2025/12/27 12:00,17.9,1.5
C0TA50,和仁,2025/12/28 12:00,19.7,2
C0TA50,和仁,2025/12/29 12:00,20.5,0.5
C0TA50,和仁,2025/12/30 12:00,21.7,0
C0TA50,和仁,2025/12/31 12:00,22.1,0
C0TA50,和仁,2026/1/1 12:00,20,0
C0TA50,和仁,2026/1/2 12:00,16.9,0
C0TA50,和仁,2026/1/3 12:00,16.1,0
C0TA50,和仁,2026/1/4 12:00,18.7,0
C0TA50,和仁,2026/1/5 12:00,20.1,0
C0TA50,和仁,2026/1/6 12:00,17,0
C0TA50,和仁,2026/1/7 12:00,14.8,0
C0TA50,和仁,2026/1/8 12:00,14.9,0
C0TA50,和仁,2026/1/9 12:00,15.3,0
C0TA50,和仁,2026/1/10 12:00,16.6,6
C0TA50,和仁,2026/1/11 12:00,16.4,0.5
C0TA50,和仁,2026/1/12 12:00,17.4,0
C0TA50,和仁,2026/1/13 12:00,19.5,0
C0TA50,和仁,2026/1/14 12:00,20.1,0
C0TA50,和仁,2026/1/15 12:00,21.2,0
C0TA50,和仁,2026/1/16 12:00,20.1,1.5
C0TA50,和仁,2026/1/17 12:00,20.2,0
C0TA50,和仁,2026/1/18 12:00,20.6,0
C0TA50,和仁,2026/1/19 12:00,21.2,0
C0TA50,和仁,2026/1/20 12:00,18.7,0
C0TA50,和仁,2026/1/21 12:00,16.9,0
C0TA50,和仁,2026/1/22 12:00,16.5,0
C0TA50,和仁,2026/1/23 12:00,17.4,0
C0TA50,和仁,2026/1/24 12:00,17.2,14
C0TA50,和仁,2026/1/25 12:00,17.7,29.5
C0TA50,和仁,2026/1/26 12:00,20.7,7
C0TA50,和仁,2026/1/27 12:00,20,0
C0TA50,和仁,2026/1/28 12:00,18.3,0
C0TA50,和仁,2026/1/29 12:00,18.1,4
C0TA50,和仁,2026/1/30 12:00,18.2,7.5
C0TA50,和仁,2026/1/31 12:00,20,0
C0TA50,和仁,2026/2/1 12:00,18.2,0.5
C0TA50,和仁,2026/2/2 12:00,17.9,3
C0TA50,和仁,2026/2/3 12:00,17.5,0
C0TA50,和仁,2026/2/4 12:00,19.6,0
C0TA50,和仁,2026/2/5 12:00,20.5,0.5
C0TA50,和仁,2026/2/6 12:00,21.8,0
C0TA50,和仁,2026/2/7 12:00,18,0
C0TA50,和仁,2026/2/8 12:00,14,0.5
C0TA50,和仁,2026/2/9 12:00,15,0
C0TA50,和仁,2026/2/10 12:00,19.2,0
C0TA50,和仁,2026/2/11 12:00,20,0
C0TA50,和仁,2026/2/12 12:00,18.9,0.5
C0TA50,和仁,2026/2/13 12:00,20.8,4
C0TA50,和仁,2026/2/14 12:00,22.7,0
C0TA50,和仁,2026/2/15 12:00,23.5,0
C0TA50,和仁,2026/2/16 12:00,23.1,0
C0TA50,和仁,2026/2/17 12:00,19.4,0
C0TA50,和仁,2026/2/18 12:00,17.7,0
C0TA50,和仁,2026/2/19 12:00,18.7,1.5
C0TA50,和仁,2026/2/20 12:00,20.2,0.5
C0TA50,和仁,2026/2/21 12:00,21.6,0.5
C0TA50,和仁,2026/2/22 12:00,22.9,6.5
C0TA50,和仁,2026/2/23 12:00,22.1,0
C0TA50,和仁,2026/2/24 12:00,23.5,0
C0TA50,和仁,2026/2/25 12:00,20.8,0
C0TA50,和仁,2026/2/26 12:00,22.1,0
C0TA50,和仁,2026/2/27 12:00,22.2,18.5
C0TA50,和仁,2026/2/28 12:00,19.8,4
C0TA50,和仁,2026/3/1 12:00,22.2,3
C0TA50,和仁,2026/3/2 12:00,24.6,0.5
C0TA50,和仁,2026/3/3 12:00,18.5,3.5
C0TA50,和仁,2026/3/4 12:00,19.3,0
C0TA50,和仁,2026/3/5 12:00,21.1,77.5
C0TA50,和仁,2026/3/6 12:00,19.9,5.5
C0TA50,和仁,2026/3/7 12:00,18.6,0
C0TA50,和仁,2026/3/8 12:00,19.3,1.5
C0TA50,和仁,2026/3/9 12:00,18.5,0.5
C0TA50,和仁,2026/3/10 12:00,17,0
C0TA50,和仁,2026/3/11 12:00,18.2,0
C0TA50,和仁,2026/3/12 12:00,18.9,0
C0TA50,和仁,2026/3/13 12:00,16.6,0
C0TA50,和仁,2026/3/14 12:00,19.1,0
C0TA50,和仁,2026/3/15 12:00,21.3,0.5
C0TA50,和仁,2026/3/16 12:00,20.8,2
C0TA50,和仁,2026/3/17 12:00,22.2,0
C0TA50,和仁,2026/3/18 12:00,22.4,4.5
C0TA50,和仁,2026/3/19 12:00,22.3,0.5
C0TA50,和仁,2026/3/20 12:00,22.2,0
C0TA50,和仁,2026/3/21 12:00,22.3,0
C0TA50,和仁,2026/3/22 12:00,22.6,0
C0TA50,和仁,2026/3/23 12:00,23.4,6
C0TA50,和仁,2026/3/24 12:00,23.1,19.5
C0TA50,和仁,2026/3/25 12:00,22.4,0
C0TA50,和仁,2026/3/26 12:00,20.4,0
C0TA50,和仁,2026/3/27 12:00,22,0
C0TA50,和仁,2026/3/28 12:00,23,0
C0TA50,和仁,2026/3/29 12:00,23.9,1.5
C0TA50,和仁,2026/3/30 12:00,25.2,0
C0TA50,和仁,2026/3/31 12:00,25.8,0
C0TA50,和仁,2026/4/1 12:00,23.3,0
C0TA50,和仁,2026/4/2 12:00,22.1,0
C0TA50,和仁,2026/4/3 12:00,22.3,3.5
C0TA50,和仁,2026/4/4 12:00,22.8,9.5
C0TA50,和仁,2026/4/5 12:00,22.7,0
C0TA50,和仁,2026/4/6 12:00,24.2,11.5
C0TA50,和仁,2026/4/7 12:00,23.4,1.5
C0TA50,和仁,2026/4/8 12:00,23,0
C0TA50,和仁,2026/4/9 12:00,24.6,2
C0TA50,和仁,2026/4/10 12:00,26.3,0
C0TA50,和仁,2026/4/11 12:00,26,0
C0TA50,和仁,2026/4/12 12:00,26.2,0
C0TA50,和仁,2026/4/13 12:00,26.6,0
C0TA50,和仁,2026/4/14 12:00,26.8,0
C0TA50,和仁,2026/4/15 12:00,26.7,0
C0TA50,和仁,2026/4/16 12:00,25.9,2
C0TA50,和仁,2026/4/17 12:00,25.7,0
C0TA50,和仁,2026/4/18 12:00,24.6,2
C0TA50,和仁,2026/4/19 12:00,23.6,0
C0TA50,和仁,2026/4/20 12:00,24.7,1
C0TA50,和仁,2026/4/21 12:00,23.5,11
C0TA50,和仁,2026/4/22 12:00,25.1,2.5
C0TA50,和仁,2026/4/23 12:00,25.9,0
C0TA50,和仁,2026/4/24 12:00,21.7,3.5
C0TA50,和仁,2026/4/25 12:00,20.3,9
C0TA50,和仁,2026/4/26 12:00,23.1,0
C0TA50,和仁,2026/4/27 12:00,25.3,0
C0TA50,和仁,2026/4/28 12:00,24.7,3
C0TA50,和仁,2026/4/29 12:00,25.9,0
C0TA50,和仁,2026/4/30 12:00,22.1,2
C0TA50,和仁,2026/5/1 12:00,21.4,0
C0TA50,和仁,2026/5/2 12:00,24.3,0
C0TA50,和仁,2026/5/3 12:00,26.1,22.5
C0TA50,和仁,2026/5/4 12:00,22.7,1.5
C0TA50,和仁,2026/5/5 12:00,21.2,11.5
C0TA50,和仁,2026/5/6 12:00,24.4,0.5
C0TA50,和仁,2026/5/7 12:00,26.1,0
C0TA50,和仁,2026/5/8 12:00,25.3,3.5
C0TA50,和仁,2026/5/9 12:00,23.1,0
C0TA50,和仁,2026/5/10 12:00,24.8,0
C0TA50,和仁,2026/5/11 12:00,26,2.5
C0TA50,和仁,2026/5/12 12:00,25,2.5
C0TA50,和仁,2026/5/13 12:00,25.2,1.5
C0TA50,和仁,2026/5/14 12:00,24.5,0.5
C0TA50,和仁,2026/5/15 12:00,23.6,62
C0TA50,和仁,2026/5/16 12:00,24.4,0.5
C0TA50,和仁,2026/5/17 12:00,24.7,0
C0TA50,和仁,2026/5/18 12:00,25.3,0
C0TA50,和仁,2026/5/19 12:00,26.3,0
C0TA50,和仁,2026/5/20 12:00,26.7,1.5
C0TA50,和仁,2026/5/21 12:00,27.9,0
C0TA50,和仁,2026/5/22 12:00,28,0
C0TA50,和仁,2026/5/23 12:00,27.3,1
C0TA50,和仁,2026/5/24 12:00,28.4,0
C0TA50,和仁,2026/5/25 12:00,28.8,0
C0TA50,和仁,2026/5/26 12:00,28.6,0
C0TA50,和仁,2026/5/27 12:00,29.7,0
C0TA50,和仁,2026/5/28 12:00,29.3,0
C0TA50,和仁,2026/5/29 12:00,28,4.5
C0TA50,和仁,2026/5/30 12:00,26.5,0
C0TA50,和仁,2026/5/31 12:00,26.5,0
C0TA50,和仁,2026/6/1 12:00,28.4,0
C0TA50,和仁,2026/6/2 12:00,28.8,0
C0TA50,和仁,2026/6/3 12:00,28.6,40
C0TA50,和仁,2026/6/4 12:00,28.3,1
C0TA50,和仁,2026/6/5 12:00,26.6,23.5
C0TA50,和仁,2026/6/6 12:00,27.7,8
C0TA50,和仁,2026/6/7 12:00,27,27.5
C0TA50,和仁,2026/6/8 12:00,27.7,3.5
C0TA50,和仁,2026/6/9 12:00,25.8,42.5
C0TA50,和仁,2026/6/10 12:00,24.7,17.5
C0TA50,和仁,2026/6/11 12:00,23.9,15.5
C0TA50,和仁,2026/6/12 12:00,24.8,13.5
C0TA50,和仁,2026/6/13 12:00,26.2,0
C0TA50,和仁,2026/6/14 12:00,25.7,5.5
C0TA50,和仁,2026/6/15 12:00,26.3,5
C0TA50,和仁,2026/6/16 12:00,27.1,0.5
C0TA50,和仁,2026/6/17 12:00,27.7,0
C0TA50,和仁,2026/6/18 12:00,28.2,3.5
C0TA50,和仁,2026/6/19 12:00,29,0
C0TA50,和仁,2026/6/20 12:00,29.1,0
C0TA50,和仁,2026/6/21 12:00,29.4,0
C0TA50,和仁,2026/6/22 12:00,28.6,0
C0TA50,和仁,2026/6/23 12:00,28.9,0
C0TA50,和仁,2026/6/24 12:00,29.3,0
C0TA50,和仁,2026/6/25 12:00,28.2,5.5
C0TA50,和仁,2026/6/26 12:00,26.1,26.5
C0TA50,和仁,2026/6/27 12:00,26.7,1
C0TA50,和仁,2026/6/28 12:00,27.5,5
C0TA50,和仁,2026/6/29 12:00,28.6,0
C0TA50,和仁,2026/6/30 12:00,29.2,0
C0TA50,和仁,2026/7/1 12:00,29.1,0
C0TA50,和仁,2026/7/2 12:00,29.1,0
C0TA50,和仁,2026/7/3 12:00,28.8,0
C0TA50,和仁,2026/7/4 12:00,29,0
C0TA50,和仁,2026/7/5 12:00,29.2,0
C0TA50,和仁,2026/7/6 12:00,29.3,0
C0TA50,和仁,2026/7/7 12:00,29.4,2
C0TA50,和仁,2026/7/8 12:00,28.9,0
C0TA50,和仁,2026/7/9 12:00,29.8,0
C0TA50,和仁,2026/7/10 12:00,32,0
C0TA50,和仁,2026/7/11 12:00,27.5,11
C0TA50,和仁,2026/7/12 12:00,28.7,1.5
C0TA50,和仁,2026/7/13 12:00,28.9,0
C0TA50,和仁,2026/7/14 12:00,29.2,5
C0TA50,和仁,2026/7/15 12:00,29,0
C0TA50,和仁,2026/7/16 12:00,29.4,0
C0TA50,和仁,2026/7/17 12:00,29.6,0
C0TA50,和仁,2026/7/18 12:00,29.8,0
C0TA50,和仁,2026/7/19 12:00,29.8,0
C0TA50,和仁,2026/7/20 12:00,29.7,0
C0TA50,和仁,2026/7/21 12:00,29.7,0
C0TA50,和仁,2026/7/22 12:00,29.3,4.5
C0TA50,和仁,2026/7/23 12:00,29.5,0
C0TA50,和仁,2026/7/24 12:00,30,0.5
C0TA50,和仁,2026/7/25 12:00,28.7,10.5
C0TA50,和仁,2026/7/26 12:00,29,0
C0TA50,和仁,2026/7/27 12:00,28.9,0
C0TA50,和仁,2026/7/28 12:00,29.2,0
C0TA50,和仁,2026/7/29 12:00,29.6,0
C0TA50,和仁,2026/7/30 12:00,29.1,0
C0TA50,和仁,2026/7/31 12:00,29.4,0.5
C0TA50,和仁,2026/8/1 12:00,29.7,0
C0TA50,和仁,2026/8/2 12:00,29.8,0
C0TA50,和仁,2026/8/3 12:00,29.8,0
C0TA50,和仁,2026/8/4 12:00,29.8,0
C0TA50,和仁,2026/8/5 12:00,29.8,0
C0TA50,和仁,2026/8/6 12:00,30.5,0
C0TA50,和仁,2026/8/7 12:00,30.3,0
C0TA50,和仁,2026/8/8 12:00,31.1,0
C0TA50,和仁,2026/8/9 12:00,27.1,17.5
C0TA50,和仁,2026/8/10 12:00,29.1,0
C0TA50,和仁,2026/8/11 12:00,30,0
C0TA50,和仁,2026/8/12 12:00,29.9,0.5
C0TA50,和仁,2026/8/13 12:00,30.3,0
