station_id,station_name,datetime,temperature,rainfall,,,,
C0Z230,和平,2021/1/1 12:00,14.1,0,,,,
C0Z230,和平,2021/1/2 12:00,16.7,0,,,,
C0Z230,和平,2021/1/3 12:00,18.5,0,,,,
C0Z230,和平,2021/1/4 12:00,19.7,0,,,,
C0Z230,和平,2021/1/5 12:00,19.7,0,,,,
C0Z230,和平,2021/1/6 12:00,17.8,0,,,,
C0Z230,和平,2021/1/7 12:00,15.9,0,,,,
C0Z230,和平,2021/1/8 12:00,11.7,0,,,,
C0Z230,和平,2021/1/9 12:00,11.1,0,,,,
C0Z230,和平,2021/1/10 12:00,13.7,0,,,,
C0Z230,和平,2021/1/11 12:00,14.4,2,,,,
C0Z230,和平,2021/1/12 12:00,13,0.5,,,,
C0Z230,和平,2021/1/13 12:00,14.2,0,,,,
C0Z230,和平,2021/1/14 12:00,15.7,0,,,,
C0Z230,和平,2021/1/15 12:00,17.7,0,,,,
C0Z230,和平,2021/1/16 12:00,18.6,0,,,,
C0Z230,和平,2021/1/17 12:00,16.8,0,,,,
C0Z230,和平,2021/1/18 12:00,15.8,0,,,,
C0Z230,和平,2021/1/19 12:00,16.8,0,,,,
C0Z230,和平,2021/1/20 12:00,18.2,11,,,,
C0Z230,和平,2021/1/21 12:00,20.9,0,,,,
C0Z230,和平,2021/1/22 12:00,22.1,2.5,,,,
C0Z230,和平,2021/1/23 12:00,21.7,0,,,,
C0Z230,和平,2021/1/24 12:00,19.4,0,,,,
C0Z230,和平,2021/1/25 12:00,19.3,0,,,,
C0Z230,和平,2021/1/26 12:00,19.9,0,,,,
C0Z230,和平,2021/1/27 12:00,19.3,1,,,,
C0Z230,和平,2021/1/28 12:00,18.3,0.5,,,,
C0Z230,和平,2021/1/29 12:00,16,0,,,,
C0Z230,和平,2021/1/30 12:00,17.5,0,,,,
C0Z230,和平,2021/1/31 12:00,19.6,0,,,,
C0Z230,和平,2021/2/1 12:00,20.6,0,,,,
C0Z230,和平,2021/2/2 12:00,19.3,0,,,,
C0Z230,和平,2021/2/3 12:00,18.9,0,,,,
C0Z230,和平,2021/2/4 12:00,19.2,0,,,,
C0Z230,和平,2021/2/5 12:00,19.7,3.5,,,,
C0Z230,和平,2021/2/6 12:00,20.8,0,,,,
C0Z230,和平,2021/2/7 12:00,21,0,,,,
C0Z230,和平,2021/2/8 12:00,19.6,0,,,,
C0Z230,和平,2021/2/9 12:00,17.9,5,,,,
C0Z230,和平,2021/2/10 12:00,19.7,6.5,,,,
C0Z230,和平,2021/2/11 12:00,20.9,14,,,,
C0Z230,和平,2021/2/12 12:00,20.7,5,,,,
C0Z230,和平,2021/2/13 12:00,20.5,0,,,,
C0Z230,和平,2021/2/14 12:00,20.7,6,,,,
C0Z230,和平,2021/2/15 12:00,20.2,0.5,,,,
C0Z230,和平,2021/2/16 12:00,19,1.5,,,,
C0Z230,和平,2021/2/17 12:00,18.2,0,,,,
C0Z230,和平,2021/2/18 12:00,15.8,0,,,,
C0Z230,和平,2021/2/19 12:00,15.3,0,,,,
C0Z230,和平,2021/2/20 12:00,17.7,0,,,,
C0Z230,和平,2021/2/21 12:00,19.2,0,,,,
C0Z230,和平,2021/2/22 12:00,20.4,0,,,,
C0Z230,和平,2021/2/23 12:00,21,0,,,,
C0Z230,和平,2021/2/24 12:00,22.2,0,,,,
C0Z230,和平,2021/2/25 12:00,22.4,0,,,,
C0Z230,和平,2021/2/26 12:00,21.8,0,,,,
C0Z230,和平,2021/2/27 12:00,20.6,0,,,,
C0Z230,和平,2021/2/28 12:00,19.9,0,,,,
C0Z230,和平,2021/3/1 0:00,22.2,0,,,,
C0Z230,和平,2021/3/2 12:00,19.3,0,,,,
C0Z230,和平,2021/3/3 12:00,18.9,0,,,,
C0Z230,和平,2021/3/4 12:00,21.3,0,,,,
C0Z230,和平,2021/3/5 12:00,20.9,0,,,,
C0Z230,和平,2021/3/6 12:00,22.5,0,,,,
C0Z230,和平,2021/3/7 12:00,22.1,0,,,,
C0Z230,和平,2021/3/8 12:00,21.2,0,,,,
C0Z230,和平,2021/3/9 12:00,21.5,0,,,,
C0Z230,和平,2021/3/10 12:00,20.3,0,,,,
C0Z230,和平,2021/3/11 12:00,22.6,0,,,,
C0Z230,和平,2021/3/12 12:00,22,0,,,,
C0Z230,和平,2021/3/13 12:00,20,0,,,,
C0Z230,和平,2021/3/14 12:00,20.6,0,,,,
C0Z230,和平,2021/3/15 12:00,22.2,0,,,,
C0Z230,和平,2021/3/16 12:00,23.3,0,,,,
C0Z230,和平,2021/3/17 12:00,24.1,0,,,,
C0Z230,和平,2021/3/18 12:00,24.6,73,,,,
C0Z230,和平,2021/3/19 12:00,24.8,4,,,,
C0Z230,和平,2021/3/20 12:00,24.2,0.5,,,,
C0Z230,和平,2021/3/21 12:00,19.8,1,,,,
C0Z230,和平,2021/3/22 12:00,16.8,0,,,,
C0Z230,和平,2021/3/23 12:00,17.2,0,,,,
C0Z230,和平,2021/3/24 12:00,20,1.5,,,,
C0Z230,和平,2021/3/25 12:00,20.8,0,,,,
C0Z230,和平,2021/3/26 12:00,22.5,0,,,,
C0Z230,和平,2021/3/27 12:00,23.9,0,,,,
C0Z230,和平,2021/3/28 12:00,25,0,,,,
C0Z230,和平,2021/3/29 12:00,25.3,0,,,,
C0Z230,和平,2021/3/30 12:00,25.1,0.5,,,,
C0Z230,和平,2021/3/31 12:00,25.2,1.5,,,,
C0Z230,和平,2021/4/1 0:00,26.2,0,,,,
C0Z230,和平,2021/4/2 12:00,26.1,0,,,,
C0Z230,和平,2021/4/3 12:00,25.5,0,,,,
C0Z230,和平,2021/4/4 12:00,21.9,0,,,,
C0Z230,和平,2021/4/5 12:00,19,0,,,,
C0Z230,和平,2021/4/6 12:00,20.2,0,,,,
C0Z230,和平,2021/4/7 12:00,21.4,0,,,,
C0Z230,和平,2021/4/8 12:00,22.8,6,,,,
C0Z230,和平,2021/4/9 12:00,21.1,0,,,,
C0Z230,和平,2021/4/10 12:00,23,0,,,,
C0Z230,和平,2021/4/11 12:00,24,8.5,,,,
C0Z230,和平,2021/4/12 12:00,24.5,0,,,,
C0Z230,和平,2021/4/13 12:00,23.9,0,,,,
C0Z230,和平,2021/4/14 12:00,22.6,4.5,,,,
C0Z230,和平,2021/4/15 12:00,23.1,0,,,,
C0Z230,和平,2021/4/16 12:00,23.5,0,,,,
C0Z230,和平,2021/4/17 12:00,23.7,0,,,,
C0Z230,和平,2021/4/18 12:00,21.1,0,,,,
C0Z230,和平,2021/4/19 12:00,21.5,0,,,,
C0Z230,和平,2021/4/20 12:00,22.5,0,,,,
C0Z230,和平,2021/4/21 12:00,23.4,0,,,,
C0Z230,和平,2021/4/22 12:00,24.3,4.5,,,,
C0Z230,和平,2021/4/23 12:00,24.6,0,,,,
C0Z230,和平,2021/4/24 12:00,23.5,2,,,,
C0Z230,和平,2021/4/25 12:00,21.8,16.5,,,,
C0Z230,和平,2021/4/26 12:00,22.6,0,,,,
C0Z230,和平,2021/4/27 12:00,23,0,,,,
C0Z230,和平,2021/4/28 12:00,24.5,8.5,,,,
C0Z230,和平,2021/4/29 12:00,21.3,1,,,,
C0Z230,和平,2021/4/30 12:00,24,0,,,,
C0Z230,和平,2021/5/1 0:00,25.2,0,,,,
C0Z230,和平,2021/5/2 12:00,25.3,0,,,,
C0Z230,和平,2021/5/3 12:00,23.5,24,,,,
C0Z230,和平,2021/5/4 12:00,25.1,18,,,,
C0Z230,和平,2021/5/5 12:00,23.6,0,,,,
C0Z230,和平,2021/5/6 12:00,24.4,0,,,,
C0Z230,和平,2021/5/7 12:00,26.3,0,,,,
C0Z230,和平,2021/5/8 12:00,26.7,0.5,,,,
C0Z230,和平,2021/5/9 12:00,26.9,0,,,,
C0Z230,和平,2021/5/10 12:00,27.5,0,,,,
C0Z230,和平,2021/5/11 12:00,27.5,0,,,,
C0Z230,和平,2021/5/12 12:00,27.9,0,,,,
C0Z230,和平,2021/5/13 12:00,27.9,19.5,,,,
C0Z230,和平,2021/5/14 12:00,27.6,4,,,,
C0Z230,和平,2021/5/15 12:00,27.7,0,,,,
C0Z230,和平,2021/5/16 12:00,27.9,0,,,,
C0Z230,和平,2021/5/17 12:00,28.3,0.5,,,,
C0Z230,和平,2021/5/18 12:00,27.9,1.5,,,,
C0Z230,和平,2021/5/19 12:00,27.9,47.5,,,,
C0Z230,和平,2021/5/20 12:00,27.9,0.5,,,,
C0Z230,和平,2021/5/21 12:00,28.3,0,,,,
C0Z230,和平,2021/5/22 12:00,28.3,0,,,,
C0Z230,和平,2021/5/23 12:00,28.1,0,,,,
C0Z230,和平,2021/5/24 12:00,28,31.5,,,,
C0Z230,和平,2021/5/25 12:00,26.5,0,,,,
C0Z230,和平,2021/5/26 12:00,28.3,14,,,,
C0Z230,和平,2021/5/27 12:00,28.7,0,,,,
C0Z230,和平,2021/5/28 12:00,28.7,0,,,,
C0Z230,和平,2021/5/29 12:00,25.7,9,,,,
C0Z230,和平,2021/5/30 12:00,26.1,20,,,,
C0Z230,和平,2021/5/31 12:00,25.5,13.5,,,,
C0Z230,和平,2021/6/1 0:00,27.1,0,,,,
C0Z230,和平,2021/6/2 12:00,28.3,11.5,,,,
C0Z230,和平,2021/6/3 12:00,29.1,0,,,,
C0Z230,和平,2021/6/4 12:00,28.8,14.5,,,,
C0Z230,和平,2021/6/5 12:00,26.3,26,,,,
C0Z230,和平,2021/6/6 12:00,25.2,19.5,,,,
C0Z230,和平,2021/6/7 12:00,26.6,0.5,,,,
C0Z230,和平,2021/6/8 12:00,27.5,0,,,,
C0Z230,和平,2021/6/9 12:00,27.7,0,,,,
C0Z230,和平,2021/6/10 12:00,28.2,0,,,,
C0Z230,和平,2021/6/11 12:00,28.9,0,,,,
C0Z230,和平,2021/6/12 12:00,28.7,0,,,,
C0Z230,和平,2021/6/13 12:00,28.8,0,,,,
C0Z230,和平,2021/6/14 12:00,28.7,0,,,,
C0Z230,和平,2021/6/15 12:00,29.5,0,,,,
C0Z230,和平,2021/6/16 12:00,29.9,0,,,,
C0Z230,和平,2021/6/17 12:00,30.5,0,,,,
C0Z230,和平,2021/6/18 12:00,30.5,0,,,,
C0Z230,和平,2021/6/19 12:00,30.3,0,,,,
C0Z230,和平,2021/6/20 12:00,30.2,0,,,,
C0Z230,和平,2021/6/21 12:00,30.1,0,,,,
C0Z230,和平,2021/6/22 12:00,27.7,69.5,,,,
C0Z230,和平,2021/6/23 12:00,26.6,40,,,,
C0Z230,和平,2021/6/24 12:00,27.2,4,,,,
C0Z230,和平,2021/6/25 12:00,27.5,0,,,,
C0Z230,和平,2021/6/26 12:00,28.1,0.5,,,,
C0Z230,和平,2021/6/27 12:00,28.8,0,,,,
C0Z230,和平,2021/6/28 12:00,29.1,0,,,,
C0Z230,和平,2021/6/29 12:00,30.1,0,,,,
C0Z230,和平,2021/6/30 12:00,29.6,0,,,,
C0Z230,和平,2021/7/1 0:00,29.6,0,,,,
C0Z230,和平,2021/7/2 12:00,29.6,0,,,,
C0Z230,和平,2021/7/3 12:00,29,0,,,,
C0Z230,和平,2021/7/4 12:00,29.2,0,,,,
C0Z230,和平,2021/7/5 12:00,29.3,3.5,,,,
C0Z230,和平,2021/7/6 12:00,27.9,11.5,,,,
C0Z230,和平,2021/7/7 12:00,28.7,0,,,,
C0Z230,和平,2021/7/8 12:00,29,0,,,,
C0Z230,和平,2021/7/9 12:00,28.8,0,,,,
C0Z230,和平,2021/7/10 12:00,29,0,,,,
C0Z230,和平,2021/7/11 12:00,29.1,0,,,,
C0Z230,和平,2021/7/12 12:00,29.3,0,,,,
C0Z230,和平,2021/7/13 12:00,29.6,0,,,,
C0Z230,和平,2021/7/14 12:00,29.6,0,,,,
C0Z230,和平,2021/7/15 12:00,29.5,0,,,,
C0Z230,和平,2021/7/16 12:00,29.3,0,,,,
C0Z230,和平,2021/7/17 12:00,29,4.5,,,,
C0Z230,和平,2021/7/18 12:00,28.9,1,,,,
C0Z230,和平,2021/7/19 12:00,29.6,0,,,,
C0Z230,和平,2021/7/20 12:00,29.8,0,,,,
C0Z230,和平,2021/7/21 12:00,30.9,0,,,,
C0Z230,和平,2021/7/22 12:00,30.4,2.5,,,,
C0Z230,和平,2021/7/23 12:00,29.3,6,,,,
C0Z230,和平,2021/7/24 12:00,28.6,10,,,,
C0Z230,和平,2021/7/25 12:00,30.2,0,,,,
C0Z230,和平,2021/7/26 12:00,31.1,0,,,,
C0Z230,和平,2021/7/27 12:00,30.6,0,,,,
C0Z230,和平,2021/7/28 12:00,30.5,0,,,,
C0Z230,和平,2021/7/29 12:00,30.5,0,,,,
C0Z230,和平,2021/7/30 12:00,29.9,1,,,,
C0Z230,和平,2021/7/31 12:00,28.5,14,,,,
C0Z230,和平,2021/8/1 0:00,28.2,0.5,,,,
C0Z230,和平,2021/8/2 12:00,28.9,0.5,,,,
C0Z230,和平,2021/8/3 12:00,28.6,16.5,,,,
C0Z230,和平,2021/8/4 12:00,27.5,36.5,,,,
C0Z230,和平,2021/8/5 12:00,28.3,0,,,,
C0Z230,和平,2021/8/6 12:00,27.8,2,,,,
C0Z230,和平,2021/8/7 12:00,26.6,8,,,,
C0Z230,和平,2021/8/8 12:00,28.3,13,,,,
C0Z230,和平,2021/8/9 12:00,28.6,1,,,,
C0Z230,和平,2021/8/10 12:00,28.7,0,,,,
C0Z230,和平,2021/8/11 12:00,28.7,0,,,,
C0Z230,和平,2021/8/12 12:00,28.8,0,,,,
C0Z230,和平,2021/8/13 12:00,29,0,,,,
C0Z230,和平,2021/8/14 12:00,28.6,0,,,,
C0Z230,和平,2021/8/15 12:00,29.3,0,,,,
C0Z230,和平,2021/8/16 12:00,29.2,0,,,,
C0Z230,和平,2021/8/17 12:00,29,0,,,,
C0Z230,和平,2021/8/18 12:00,28.3,0,,,,
C0Z230,和平,2021/8/19 12:00,27.9,1.5,,,,
C0Z230,和平,2021/8/20 12:00,28.4,0,,,,
C0Z230,和平,2021/8/21 12:00,29,0,,,,
C0Z230,和平,2021/8/22 12:00,29.2,0,,,,
C0Z230,和平,2021/8/23 12:00,29,0,,,,
C0Z230,和平,2021/8/24 12:00,29.2,0,,,,
C0Z230,和平,2021/8/25 12:00,29.1,6,,,,
C0Z230,和平,2021/8/26 12:00,28.9,0.5,,,,
C0Z230,和平,2021/8/27 12:00,28.5,0,,,,
C0Z230,和平,2021/8/28 12:00,28.8,0,,,,
C0Z230,和平,2021/8/29 12:00,29,1,,,,
C0Z230,和平,2021/8/30 12:00,29,7.5,,,,
C0Z230,和平,2021/8/31 12:00,28.5,6.5,,,,
C0Z230,和平,2021/9/1 0:00,29,0,,,,
C0Z230,和平,2021/9/2 12:00,29,0,,,,
C0Z230,和平,2021/9/3 12:00,28.7,0,,,,
C0Z230,和平,2021/9/4 12:00,28.9,0,,,,
C0Z230,和平,2021/9/5 12:00,28.7,2.5,,,,
C0Z230,和平,2021/9/6 12:00,29.3,0,,,,
C0Z230,和平,2021/9/7 12:00,29.6,0,,,,
C0Z230,和平,2021/9/8 12:00,29.1,0,,,,
C0Z230,和平,2021/9/9 12:00,28.9,0.5,,,,
C0Z230,和平,2021/9/10 12:00,29.6,0,,,,
C0Z230,和平,2021/9/11 12:00,27.7,63,,,,
C0Z230,和平,2021/9/12 12:00,26.9,82,,,,
C0Z230,和平,2021/9/13 12:00,29.3,0,,,,
C0Z230,和平,2021/9/14 12:00,29.7,0,,,,
C0Z230,和平,2021/9/15 12:00,28.5,22,,,,
C0Z230,和平,2021/9/16 12:00,28.3,0,,,,
C0Z230,和平,2021/9/17 12:00,28.4,0,,,,
C0Z230,和平,2021/9/18 12:00,28.8,2.5,,,,
C0Z230,和平,2021/9/19 12:00,29,0,,,,
C0Z230,和平,2021/9/20 12:00,29.4,0,,,,
C0Z230,和平,2021/9/21 12:00,28.8,0,,,,
C0Z230,和平,2021/9/22 12:00,28.8,0,,,,
C0Z230,和平,2021/9/23 12:00,28.4,7,,,,
C0Z230,和平,2021/9/24 12:00,28.2,0,,,,
C0Z230,和平,2021/9/25 12:00,27.5,0.5,,,,
C0Z230,和平,2021/9/26 12:00,27.7,0,,,,
C0Z230,和平,2021/9/27 12:00,28.2,0,,,,
C0Z230,和平,2021/9/28 12:00,28,0,,,,
C0Z230,和平,2021/9/29 12:00,28,0,,,,
C0Z230,和平,2021/9/30 12:00,27.6,4,,,,
C0Z230,和平,2021/10/1 0:00,28.2,0,,,,
C0Z230,和平,2021/10/2 12:00,27.9,0,,,,
C0Z230,和平,2021/10/3 12:00,27.5,0,,,,
C0Z230,和平,2021/10/4 12:00,28.1,27,,,,
C0Z230,和平,2021/10/5 12:00,27.2,10.5,,,,
C0Z230,和平,2021/10/6 12:00,27.5,8,,,,
C0Z230,和平,2021/10/7 12:00,27.8,0,,,,
C0Z230,和平,2021/10/8 12:00,28.2,0.5,,,,
C0Z230,和平,2021/10/9 12:00,27.5,0,,,,
C0Z230,和平,2021/10/10 12:00,27.4,1.5,,,,
C0Z230,和平,2021/10/11 12:00,26.6,86,,,,
C0Z230,和平,2021/10/12 12:00,27.8,74.5,,,,
C0Z230,和平,2021/10/13 12:00,25.7,116.5,,,,
C0Z230,和平,2021/10/14 12:00,25.4,18.5,,,,
C0Z230,和平,2021/10/15 12:00,25.8,0,,,,
C0Z230,和平,2021/10/16 12:00,25.4,47,,,,
C0Z230,和平,2021/10/17 12:00,23.3,16,,,,
C0Z230,和平,2021/10/18 12:00,23.1,0,,,,
C0Z230,和平,2021/10/19 12:00,23.9,0,,,,
C0Z230,和平,2021/10/20 12:00,23.8,0,,,,
C0Z230,和平,2021/10/21 12:00,24.3,0,,,,
C0Z230,和平,2021/10/22 12:00,22.5,0.5,,,,
C0Z230,和平,2021/10/23 12:00,20.8,0.5,,,,
C0Z230,和平,2021/10/24 12:00,22.7,0,,,,
C0Z230,和平,2021/10/25 12:00,23.3,0.5,,,,
C0Z230,和平,2021/10/26 12:00,22.7,0.5,,,,
C0Z230,和平,2021/10/27 12:00,23.1,0,,,,
C0Z230,和平,2021/10/28 12:00,23.1,0,,,,
C0Z230,和平,2021/10/29 12:00,22.6,0,,,,
C0Z230,和平,2021/10/30 12:00,23.4,0,,,,
C0Z230,和平,2021/10/31 12:00,23.5,0,,,,
C0Z230,和平,2021/11/1 0:00,23,0,,,,
C0Z230,和平,2021/11/2 12:00,22.9,0,,,,
C0Z230,和平,2021/11/3 12:00,22.4,3,,,,
C0Z230,和平,2021/11/4 12:00,21.6,10,,,,
C0Z230,和平,2021/11/5 12:00,24.5,0,,,,
C0Z230,和平,2021/11/6 12:00,25.2,0,,,,
C0Z230,和平,2021/11/7 12:00,24.5,0,,,,
C0Z230,和平,2021/11/8 12:00,20.9,0,,,,
C0Z230,和平,2021/11/9 12:00,17.9,0,,,,
C0Z230,和平,2021/11/10 12:00,17.8,0,,,,
C0Z230,和平,2021/11/11 12:00,18.9,0,,,,
C0Z230,和平,2021/11/12 12:00,17.7,2.5,,,,
C0Z230,和平,2021/11/13 12:00,18.4,7,,,,
C0Z230,和平,2021/11/14 12:00,20.2,0,,,,
C0Z230,和平,2021/11/15 12:00,20.9,2,,,,
C0Z230,和平,2021/11/16 12:00,21.2,6.5,,,,
C0Z230,和平,2021/11/17 12:00,21.9,1,,,,
C0Z230,和平,2021/11/18 12:00,22.8,0,,,,
C0Z230,和平,2021/11/19 12:00,23.2,7,,,,
C0Z230,和平,2021/11/20 12:00,21.6,5,,,,
C0Z230,和平,2021/11/21 12:00,23.5,2.5,,,,
C0Z230,和平,2021/11/22 12:00,20.5,0,,,,
C0Z230,和平,2021/11/23 12:00,18,0,,,,
C0Z230,和平,2021/11/24 12:00,17.9,0,,,,
C0Z230,和平,2021/11/25 12:00,20.8,0,,,,
C0Z230,和平,2021/11/26 12:00,20.8,7,,,,
C0Z230,和平,2021/11/27 12:00,19.3,8,,,,
C0Z230,和平,2021/11/28 12:00,19.7,37.5,,,,
C0Z230,和平,2021/11/29 12:00,20.2,37.5,,,,
C0Z230,和平,2021/11/30 12:00,21.4,0.5,,,,
C0Z230,和平,2021/12/1 0:00,17,0,,,,
C0Z230,和平,2021/12/2 12:00,17.5,0,,,,
C0Z230,和平,2021/12/3 12:00,16.3,0,,,,
C0Z230,和平,2021/12/4 12:00,17.1,0,,,,
C0Z230,和平,2021/12/5 12:00,18.7,1,,,,
C0Z230,和平,2021/12/6 12:00,19.9,0.5,,,,
C0Z230,和平,2021/12/7 12:00,19.3,8,,,,
C0Z230,和平,2021/12/8 12:00,19.6,0,,,,
C0Z230,和平,2021/12/9 12:00,19.6,1,,,,
C0Z230,和平,2021/12/10 12:00,19,0.5,,,,
C0Z230,和平,2021/12/11 12:00,20.4,1,,,,
C0Z230,和平,2021/12/12 12:00,20.7,0,,,,
C0Z230,和平,2021/12/13 12:00,19.1,0,,,,
C0Z230,和平,2021/12/14 12:00,19.5,4,,,,
C0Z230,和平,2021/12/15 12:00,20.9,17,,,,
C0Z230,和平,2021/12/16 12:00,22,1,,,,
C0Z230,和平,2021/12/17 12:00,19.2,0,,,,
C0Z230,和平,2021/12/18 12:00,16.5,0,,,,
C0Z230,和平,2021/12/19 12:00,17.2,0,,,,
C0Z230,和平,2021/12/20 12:00,18.6,0,,,,
C0Z230,和平,2021/12/21 12:00,20.6,3.5,,,,
C0Z230,和平,2021/12/22 12:00,21.6,0,,,,
C0Z230,和平,2021/12/23 12:00,21.8,0,,,,
C0Z230,和平,2021/12/24 12:00,21.7,0,,,,
C0Z230,和平,2021/12/25 12:00,18,0,,,,
C0Z230,和平,2021/12/26 12:00,16,0,,,,
C0Z230,和平,2021/12/27 12:00,16.4,0,,,,
C0Z230,和平,2021/12/28 12:00,18.2,0,,,,
C0Z230,和平,2021/12/29 12:00,19.6,0,,,,
C0Z230,和平,2021/12/30 12:00,17,0,,,,
C0Z230,和平,2021/12/31 12:00,16.8,0,,,,
C0Z230,和平,2022/1/1 0:00,18.6,0,,,,
C0Z230,和平,2022/1/2 12:00,18.1,0,,,,
C0Z230,和平,2022/1/3 12:00,19.2,0,,,,
C0Z230,和平,2022/1/4 12:00,20.4,2.5,,,,
C0Z230,和平,2022/1/5 12:00,20.8,0.5,,,,
C0Z230,和平,2022/1/6 12:00,18.6,0.5,,,,
C0Z230,和平,2022/1/7 12:00,17.5,2,,,,
C0Z230,和平,2022/1/8 12:00,17.4,0,,,,
C0Z230,和平,2022/1/9 12:00,18.8,0,,,,
C0Z230,和平,2022/1/10 12:00,19.1,0,,,,
C0Z230,和平,2022/1/11 12:00,15.8,0,,,,
C0Z230,和平,2022/1/12 12:00,14.4,0,,,,
C0Z230,和平,2022/1/13 12:00,15.8,0,,,,
C0Z230,和平,2022/1/14 12:00,15,0,,,,
C0Z230,和平,2022/1/15 12:00,17.8,0,,,,
C0Z230,和平,2022/1/16 12:00,19.6,0,,,,
C0Z230,和平,2022/1/17 12:00,20.1,0,,,,
C0Z230,和平,2022/1/18 12:00,18,1.5,,,,
C0Z230,和平,2022/1/19 12:00,17.6,3.5,,,,
C0Z230,和平,2022/1/20 12:00,17.1,37,,,,
C0Z230,和平,2022/1/21 12:00,16.8,66,,,,
C0Z230,和平,2022/1/22 12:00,18.2,61.5,,,,
C0Z230,和平,2022/1/23 12:00,21.8,0,,,,
C0Z230,和平,2022/1/24 12:00,19.8,0.5,,,,
C0Z230,和平,2022/1/25 12:00,18.8,9.5,,,,
C0Z230,和平,2022/1/26 12:00,19.6,2.5,,,,
C0Z230,和平,2022/1/27 12:00,21.2,0,,,,
C0Z230,和平,2022/1/28 12:00,19.7,13.5,,,,
C0Z230,和平,2022/1/29 12:00,19.1,15.5,,,,
C0Z230,和平,2022/1/30 12:00,17.5,0,,,,
C0Z230,和平,2022/1/31 12:00,16.1,0,,,,
C0Z230,和平,2022/2/1 0:00,18.1,0.5,,,,
C0Z230,和平,2022/2/2 12:00,20.1,0,,,,
C0Z230,和平,2022/2/3 12:00,19.2,1.5,,,,
C0Z230,和平,2022/2/4 12:00,17.9,0,,,,
C0Z230,和平,2022/2/5 12:00,16.4,0,,,,
C0Z230,和平,2022/2/6 12:00,16.4,0,,,,
C0Z230,和平,2022/2/7 12:00,18.6,1.5,,,,
C0Z230,和平,2022/2/8 12:00,17.8,0,,,,
C0Z230,和平,2022/2/9 12:00,18.6,0,,,,
C0Z230,和平,2022/2/10 12:00,19.1,5.5,,,,
C0Z230,和平,2022/2/11 12:00,19.5,7,,,,
C0Z230,和平,2022/2/12 12:00,21.1,0,,,,
C0Z230,和平,2022/2/13 12:00,20.2,1.5,,,,
C0Z230,和平,2022/2/14 12:00,16.4,3.5,,,,
C0Z230,和平,2022/2/15 12:00,16.2,0,,,,
C0Z230,和平,2022/2/16 12:00,15.6,72.5,,,,
C0Z230,和平,2022/2/17 12:00,16.4,19.5,,,,
C0Z230,和平,2022/2/18 12:00,18.6,0,,,,
C0Z230,和平,2022/2/19 12:00,17,0,,,,
C0Z230,和平,2022/2/20 12:00,13.3,1,,,,
C0Z230,和平,2022/2/21 12:00,13.9,6,,,,
C0Z230,和平,2022/2/22 12:00,18.1,6.5,,,,
C0Z230,和平,2022/2/23 12:00,17.2,4.5,,,,
C0Z230,和平,2022/2/24 12:00,16.7,0,,,,
C0Z230,和平,2022/2/25 12:00,18.1,1,,,,
C0Z230,和平,2022/2/26 12:00,19.9,1,,,,
C0Z230,和平,2022/2/27 12:00,19.2,0.5,,,,
C0Z230,和平,2022/2/28 12:00,20.9,0,,,,
C0Z230,和平,2022/3/1 0:00,22.2,0,,,,
C0Z230,和平,2022/3/2 12:00,21,0,,,,
C0Z230,和平,2022/3/3 12:00,20.8,6.5,,,,
C0Z230,和平,2022/3/4 12:00,22.9,0,,,,
C0Z230,和平,2022/3/5 12:00,21.8,0.5,,,,
C0Z230,和平,2022/3/6 12:00,20.2,0,,,,
C0Z230,和平,2022/3/7 12:00,19.3,0,,,,
C0Z230,和平,2022/3/8 12:00,17.3,0,,,,
C0Z230,和平,2022/3/9 12:00,19.8,0,,,,
C0Z230,和平,2022/3/10 12:00,21.5,0,,,,
C0Z230,和平,2022/3/11 12:00,20.9,3,,,,
C0Z230,和平,2022/3/12 12:00,22.4,0,,,,
C0Z230,和平,2022/3/13 12:00,22.4,0,,,,
C0Z230,和平,2022/3/14 12:00,23.3,0,,,,
C0Z230,和平,2022/3/15 12:00,22.8,0,,,,
C0Z230,和平,2022/3/16 12:00,23.3,0,,,,
C0Z230,和平,2022/3/17 12:00,23.8,1,,,,
C0Z230,和平,2022/3/18 12:00,22,0,,,,
C0Z230,和平,2022/3/19 12:00,21.8,2.5,,,,
C0Z230,和平,2022/3/20 12:00,21.2,49,,,,
C0Z230,和平,2022/3/21 12:00,23.7,2,,,,
C0Z230,和平,2022/3/22 12:00,21.8,0,,,,
C0Z230,和平,2022/3/23 12:00,19.6,9,,,,
C0Z230,和平,2022/3/24 12:00,19.5,0,,,,
C0Z230,和平,2022/3/25 12:00,23.9,0,,,,
C0Z230,和平,2022/3/26 12:00,24.8,0.5,,,,
C0Z230,和平,2022/3/27 12:00,20.9,0.5,,,,
C0Z230,和平,2022/3/28 12:00,20.4,2,,,,
C0Z230,和平,2022/3/29 12:00,21.4,1.5,,,,
C0Z230,和平,2022/3/30 12:00,24,0.5,,,,
C0Z230,和平,2022/3/31 12:00,23.2,0,,,,
C0Z230,和平,2022/4/1 0:00,19.5,0,,,,
C0Z230,和平,2022/4/2 12:00,19.1,0,,,,
C0Z230,和平,2022/4/3 12:00,18.3,0,,,,
C0Z230,和平,2022/4/4 12:00,19.7,0,,,,
C0Z230,和平,2022/4/5 12:00,20.4,0,,,,
C0Z230,和平,2022/4/6 12:00,20.6,5,,,,
C0Z230,和平,2022/4/7 12:00,20.2,3.5,,,,
C0Z230,和平,2022/4/8 12:00,20.4,5,,,,
C0Z230,和平,2022/4/9 12:00,22,0,,,,
C0Z230,和平,2022/4/10 12:00,23.2,2,,,,
C0Z230,和平,2022/4/11 12:00,24.7,0.5,,,,
C0Z230,和平,2022/4/12 12:00,23.8,7.5,,,,
C0Z230,和平,2022/4/13 12:00,24.1,3,,,,
C0Z230,和平,2022/4/14 12:00,23.7,0,,,,
C0Z230,和平,2022/4/15 12:00,21.8,0,,,,
C0Z230,和平,2022/4/16 12:00,20.7,0,,,,
C0Z230,和平,2022/4/17 12:00,20.4,0,,,,
C0Z230,和平,2022/4/18 12:00,21.4,0,,,,
C0Z230,和平,2022/4/19 12:00,20.2,0,,,,
C0Z230,和平,2022/4/20 12:00,21,0,,,,
C0Z230,和平,2022/4/21 12:00,23.4,0,,,,
C0Z230,和平,2022/4/22 12:00,25.5,4.5,,,,
C0Z230,和平,2022/4/23 12:00,25.4,6.5,,,,
C0Z230,和平,2022/4/24 12:00,26.1,0,,,,
C0Z230,和平,2022/4/25 12:00,26.6,0,,,,
C0Z230,和平,2022/4/26 12:00,27.1,0.5,,,,
C0Z230,和平,2022/4/27 12:00,26.1,0.5,,,,
C0Z230,和平,2022/4/28 12:00,26.8,4,,,,
C0Z230,和平,2022/4/29 12:00,25.7,1.5,,,,
C0Z230,和平,2022/4/30 12:00,23.2,0,,,,
C0Z230,和平,2022/5/1 0:00,21.6,0,,,,
C0Z230,和平,2022/5/2 12:00,19.1,1.5,,,,
C0Z230,和平,2022/5/3 12:00,20.4,3,,,,
C0Z230,和平,2022/5/4 12:00,22,3.5,,,,
C0Z230,和平,2022/5/5 12:00,24.7,1,,,,
C0Z230,和平,2022/5/6 12:00,25.1,0,,,,
C0Z230,和平,2022/5/7 12:00,25.1,0,,,,
C0Z230,和平,2022/5/8 12:00,25.5,0,,,,
C0Z230,和平,2022/5/9 12:00,24,37.5,,,,
C0Z230,和平,2022/5/10 12:00,24.5,3.5,,,,
C0Z230,和平,2022/5/11 12:00,25.3,0,,,,
C0Z230,和平,2022/5/12 12:00,25.6,2,,,,
C0Z230,和平,2022/5/13 12:00,25.7,0.5,,,,
C0Z230,和平,2022/5/14 12:00,24.1,16,,,,
C0Z230,和平,2022/5/15 12:00,22.2,0,,,,
C0Z230,和平,2022/5/16 12:00,20.8,5.5,,,,
C0Z230,和平,2022/5/17 12:00,21.6,1,,,,
C0Z230,和平,2022/5/18 12:00,23.2,6.5,,,,
C0Z230,和平,2022/5/19 12:00,23.9,26.5,,,,
C0Z230,和平,2022/5/20 12:00,25.3,0,,,,
C0Z230,和平,2022/5/21 12:00,24.4,0,,,,
C0Z230,和平,2022/5/22 12:00,23.4,0,,,,
C0Z230,和平,2022/5/23 12:00,25.5,0,,,,
C0Z230,和平,2022/5/24 12:00,24.1,10.5,,,,
C0Z230,和平,2022/5/25 12:00,24,30,,,,
C0Z230,和平,2022/5/26 12:00,24.7,16,,,,
C0Z230,和平,2022/5/27 12:00,24.2,16.5,,,,
C0Z230,和平,2022/5/28 12:00,26,0,,,,
C0Z230,和平,2022/5/29 12:00,27.7,0,,,,
C0Z230,和平,2022/5/30 12:00,27.9,6.5,,,,
C0Z230,和平,2022/5/31 12:00,26.5,13,,,,
C0Z230,和平,2022/6/1 0:00,27.4,0,,,,
C0Z230,和平,2022/6/2 12:00,27.3,0,,,,
C0Z230,和平,2022/6/3 12:00,27.4,0,,,,
C0Z230,和平,2022/6/4 12:00,27.5,0,,,,
C0Z230,和平,2022/6/5 12:00,28.1,0,,,,
C0Z230,和平,2022/6/6 12:00,28,2,,,,
C0Z230,和平,2022/6/7 12:00,24.6,31.5,,,,
C0Z230,和平,2022/6/8 12:00,23.4,20,,,,
C0Z230,和平,2022/6/9 12:00,25.3,1,,,,
C0Z230,和平,2022/6/10 12:00,26.4,0,,,,
C0Z230,和平,2022/6/11 12:00,26.6,0,,,,
C0Z230,和平,2022/6/12 12:00,25.8,2,,,,
C0Z230,和平,2022/6/13 12:00,27.9,0,,,,
C0Z230,和平,2022/6/14 12:00,28.3,4.5,,,,
C0Z230,和平,2022/6/15 12:00,26.8,0,,,,
C0Z230,和平,2022/6/16 12:00,26.7,0,,,,
C0Z230,和平,2022/6/17 12:00,27.3,1.5,,,,
C0Z230,和平,2022/6/18 12:00,28.3,0,,,,
C0Z230,和平,2022/6/19 12:00,28.6,0,,,,
C0Z230,和平,2022/6/20 12:00,28.8,0,,,,
C0Z230,和平,2022/6/21 12:00,28.2,1,,,,
C0Z230,和平,2022/6/22 12:00,28.2,0,,,,
C0Z230,和平,2022/6/23 12:00,28.9,0,,,,
C0Z230,和平,2022/6/24 12:00,28.6,0,,,,
C0Z230,和平,2022/6/25 12:00,28.6,0,,,,
C0Z230,和平,2022/6/26 12:00,28.7,7,,,,
C0Z230,和平,2022/6/27 12:00,28.7,0,,,,
C0Z230,和平,2022/6/28 12:00,28.8,0,,,,
C0Z230,和平,2022/6/29 12:00,28.9,0,,,,
C0Z230,和平,2022/6/30 12:00,29,0,,,,
C0Z230,和平,2022/7/1 0:00,27.8,6.5,,,,
C0Z230,和平,2022/7/2 12:00,27.3,0,,,,
C0Z230,和平,2022/7/3 12:00,28.1,0,,,,
C0Z230,和平,2022/7/4 12:00,28.6,0,,,,
C0Z230,和平,2022/7/5 12:00,28.9,0,,,,
C0Z230,和平,2022/7/6 12:00,28.7,0,,,,
C0Z230,和平,2022/7/7 12:00,28.6,0,,,,
C0Z230,和平,2022/7/8 12:00,29,0,,,,
C0Z230,和平,2022/7/9 12:00,28.9,0,,,,
C0Z230,和平,2022/7/10 12:00,28.7,0,,,,
C0Z230,和平,2022/7/11 12:00,28.7,0,,,,
C0Z230,和平,2022/7/12 12:00,28.4,0,,,,
C0Z230,和平,2022/7/13 12:00,29.1,0,,,,
C0Z230,和平,2022/7/14 12:00,28.9,0,,,,
C0Z230,和平,2022/7/15 12:00,28.9,0,,,,
C0Z230,和平,2022/7/16 12:00,29.6,0,,,,
C0Z230,和平,2022/7/17 12:00,29.5,0,,,,
C0Z230,和平,2022/7/18 12:00,29.7,0,,,,
C0Z230,和平,2022/7/19 12:00,29.3,0,,,,
C0Z230,和平,2022/7/20 12:00,29.3,0,,,,
C0Z230,和平,2022/7/21 12:00,29.2,0,,,,
C0Z230,和平,2022/7/22 12:00,29,0,,,,
C0Z230,和平,2022/7/23 12:00,29.2,0,,,,
C0Z230,和平,2022/7/24 12:00,29.5,0,,,,
C0Z230,和平,2022/7/25 12:00,29.2,0,,,,
C0Z230,和平,2022/7/26 12:00,28.8,0,,,,
C0Z230,和平,2022/7/27 12:00,29.1,0,,,,
C0Z230,和平,2022/7/28 12:00,29.4,0,,,,
C0Z230,和平,2022/7/29 12:00,29.6,0,,,,
C0Z230,和平,2022/7/30 12:00,29.3,0,,,,
C0Z230,和平,2022/7/31 12:00,28.9,0,,,,
C0Z230,和平,2022/8/1 0:00,29,0,,,,
C0Z230,和平,2022/8/2 12:00,27.2,0,,,,
C0Z230,和平,2022/8/3 12:00,28.5,,,,,
C0Z230,和平,2022/8/4 12:00,29,0,,,,
C0Z230,和平,2022/8/5 12:00,29.2,0,,,,
C0Z230,和平,2022/8/6 12:00,29.5,0,,,,
C0Z230,和平,2022/8/7 12:00,29.4,0,,,,
C0Z230,和平,2022/8/8 12:00,29.3,0,,,,
C0Z230,和平,2022/8/9 12:00,29.3,0,,,,
C0Z230,和平,2022/8/10 12:00,29.3,0,,,,
C0Z230,和平,2022/8/11 12:00,29.5,0,,,,
C0Z230,和平,2022/8/12 12:00,29.7,0,,,,
C0Z230,和平,2022/8/13 12:00,29.5,0,,,,
C0Z230,和平,2022/8/14 12:00,29.6,0,,,,
C0Z230,和平,2022/8/15 12:00,29.8,0,,,,
C0Z230,和平,2022/8/16 12:00,29.5,0,,,,
C0Z230,和平,2022/8/17 12:00,29.6,0,,,,
C0Z230,和平,2022/8/18 12:00,29.4,0,,,,
C0Z230,和平,2022/8/19 12:00,29.3,0,,,,
C0Z230,和平,2022/8/20 12:00,29.2,0,,,,
C0Z230,和平,2022/8/21 12:00,29.4,0,,,,
C0Z230,和平,2022/8/22 12:00,29.3,0,,,,
C0Z230,和平,2022/8/23 12:00,29.6,0,,,,
C0Z230,和平,2022/8/24 12:00,29.8,0,,,,
C0Z230,和平,2022/8/25 12:00,29.7,0,,,,
C0Z230,和平,2022/8/26 12:00,29.7,0,,,,
C0Z230,和平,2022/8/27 12:00,29.2,0,,,,
C0Z230,和平,2022/8/28 12:00,28.4,0,,,,
C0Z230,和平,2022/8/29 12:00,29.2,0,,,,
C0Z230,和平,2022/8/30 12:00,29.6,0,,,,
C0Z230,和平,2022/8/31 12:00,29.7,0,,,,
C0Z230,和平,2022/9/1 0:00,31.8,0,,,,
C0Z230,和平,2022/9/2 12:00,30.1,7.5,,,,
C0Z230,和平,2022/9/3 12:00,28.9,13.5,,,,
C0Z230,和平,2022/9/4 12:00,27.9,1,,,,
C0Z230,和平,2022/9/5 12:00,29.6,0,,,,
C0Z230,和平,2022/9/6 12:00,28.2,0.5,,,,
C0Z230,和平,2022/9/7 12:00,26.8,0.5,,,,
C0Z230,和平,2022/9/8 12:00,27.5,0,,,,
C0Z230,和平,2022/9/9 12:00,26.8,0,,,,
C0Z230,和平,2022/9/10 12:00,26.6,0,,,,
C0Z230,和平,2022/9/11 12:00,27.1,7,,,,
C0Z230,和平,2022/9/12 12:00,27.8,3,,,,
C0Z230,和平,2022/9/13 12:00,27.9,0,,,,
C0Z230,和平,2022/9/14 12:00,27.2,38.5,,,,
C0Z230,和平,2022/9/15 12:00,27.8,0,,,,
C0Z230,和平,2022/9/16 12:00,27.2,0,,,,
C0Z230,和平,2022/9/17 12:00,27.6,0,,,,
C0Z230,和平,2022/9/18 12:00,27.4,0,,,,
C0Z230,和平,2022/9/19 12:00,27.8,0,,,,
C0Z230,和平,2022/9/20 12:00,26.4,0,,,,
C0Z230,和平,2022/9/21 12:00,25.4,0,,,,
C0Z230,和平,2022/9/22 12:00,26,0,,,,
C0Z230,和平,2022/9/23 12:00,26.2,0,,,,
C0Z230,和平,2022/9/24 12:00,25.6,4,,,,
C0Z230,和平,2022/9/25 12:00,25.7,53,,,,
C0Z230,和平,2022/9/26 12:00,27.1,7,,,,
C0Z230,和平,2022/9/27 12:00,27,5,,,,
C0Z230,和平,2022/9/28 12:00,27.4,0,,,,
C0Z230,和平,2022/9/29 12:00,28,0.5,,,,
C0Z230,和平,2022/9/30 12:00,27.7,0,,,,
C0Z230,和平,2022/10/1 0:00,27.8,0,,,,
C0Z230,和平,2022/10/2 12:00,28.1,8.5,,,,
C0Z230,和平,2022/10/3 12:00,27.8,2.5,,,,
C0Z230,和平,2022/10/4 12:00,27.4,0,,,,
C0Z230,和平,2022/10/5 12:00,26.6,6.5,,,,
C0Z230,和平,2022/10/6 12:00,26,111.5,,,,
C0Z230,和平,2022/10/7 12:00,24.6,325,,,,
C0Z230,和平,2022/10/8 12:00,23.9,84.5,,,,
C0Z230,和平,2022/10/9 12:00,24.6,22,,,,
C0Z230,和平,2022/10/10 12:00,23.5,0,,,,
C0Z230,和平,2022/10/11 12:00,22.7,0,,,,
C0Z230,和平,2022/10/12 12:00,22.3,7,,,,
C0Z230,和平,2022/10/13 12:00,24.5,0.5,,,,
C0Z230,和平,2022/10/14 12:00,25.5,0.5,,,,
C0Z230,和平,2022/10/15 12:00,25.7,65.5,,,,
C0Z230,和平,2022/10/16 12:00,27,88,,,,
C0Z230,和平,2022/10/17 12:00,24.8,41.5,,,,
C0Z230,和平,2022/10/18 12:00,22.6,0,,,,
C0Z230,和平,2022/10/19 12:00,22.5,0,,,,
C0Z230,和平,2022/10/20 12:00,23.3,0,,,,
C0Z230,和平,2022/10/21 12:00,24.2,4,,,,
C0Z230,和平,2022/10/22 12:00,25.8,63,,,,
C0Z230,和平,2022/10/23 12:00,24.3,26,,,,
C0Z230,和平,2022/10/24 12:00,23.1,0,,,,
C0Z230,和平,2022/10/25 12:00,21.5,0,,,,
C0Z230,和平,2022/10/26 12:00,22.5,0,,,,
C0Z230,和平,2022/10/27 12:00,23.9,0,,,,
C0Z230,和平,2022/10/28 12:00,22.5,12,,,,
C0Z230,和平,2022/10/29 12:00,22.5,74,,,,
C0Z230,和平,2022/10/30 12:00,22.7,117,,,,
C0Z230,和平,2022/10/31 12:00,23.6,145.5,,,,
C0Z230,和平,2022/11/1 0:00,22.4,4,,,,
C0Z230,和平,2022/11/2 12:00,22.8,1,,,,
C0Z230,和平,2022/11/3 12:00,24.8,6,,,,
C0Z230,和平,2022/11/4 12:00,23.3,2.5,,,,
C0Z230,和平,2022/11/5 12:00,21.3,5.5,,,,
C0Z230,和平,2022/11/6 12:00,21.5,3.5,,,,
C0Z230,和平,2022/11/7 12:00,21.6,46.5,,,,
C0Z230,和平,2022/11/8 12:00,23.4,1,,,,
C0Z230,和平,2022/11/9 12:00,24.4,0.5,,,,
C0Z230,和平,2022/11/10 12:00,24.1,0,,,,
C0Z230,和平,2022/11/11 12:00,25,0.5,,,,
C0Z230,和平,2022/11/12 12:00,25.3,0,,,,
C0Z230,和平,2022/11/13 12:00,25.1,5,,,,
C0Z230,和平,2022/11/14 12:00,23.5,4.5,,,,
C0Z230,和平,2022/11/15 12:00,24.3,0,,,,
C0Z230,和平,2022/11/16 12:00,24.3,0.5,,,,
C0Z230,和平,2022/11/17 12:00,25.1,0,,,,
C0Z230,和平,2022/11/18 12:00,24.8,36,,,,
C0Z230,和平,2022/11/19 12:00,24.2,5.5,,,,
C0Z230,和平,2022/11/20 12:00,23.2,1.5,,,,
C0Z230,和平,2022/11/21 12:00,22.7,15.5,,,,
C0Z230,和平,2022/11/22 12:00,24.1,1,,,,
C0Z230,和平,2022/11/23 12:00,23.5,1,,,,
C0Z230,和平,2022/11/24 12:00,22,5,,,,
C0Z230,和平,2022/11/25 12:00,24,0.5,,,,
C0Z230,和平,2022/11/26 12:00,22.7,13,,,,
C0Z230,和平,2022/11/27 12:00,23.1,2.5,,,,
C0Z230,和平,2022/11/28 12:00,25.1,0,,,,
C0Z230,和平,2022/11/29 12:00,25.6,0,,,,
C0Z230,和平,2022/11/30 12:00,22.1,0,,,,
C0Z230,和平,2022/12/1 0:00,20.8,0,,,,
C0Z230,和平,2022/12/2 12:00,21.5,0,,,,
C0Z230,和平,2022/12/3 12:00,23.1,0,,,,
C0Z230,和平,2022/12/4 12:00,23.2,0,,,,
C0Z230,和平,2022/12/5 12:00,22.1,0,,,,
C0Z230,和平,2022/12/6 12:00,19.9,0,,,,
C0Z230,和平,2022/12/7 12:00,21.4,0,,,,
C0Z230,和平,2022/12/8 12:00,22.6,0,,,,
C0Z230,和平,2022/12/9 12:00,23.2,0,,,,
C0Z230,和平,2022/12/10 12:00,22.7,0,,,,
C0Z230,和平,2022/12/11 12:00,21.2,0.5,,,,
C0Z230,和平,2022/12/12 12:00,20.1,0,,,,
C0Z230,和平,2022/12/13 12:00,19.2,1,,,,
C0Z230,和平,2022/12/14 12:00,19,0,,,,
C0Z230,和平,2022/12/15 12:00,19.5,1.5,,,,
C0Z230,和平,2022/12/16 12:00,23.1,0,,,,
C0Z230,和平,2022/12/17 12:00,18.1,0.5,,,,
C0Z230,和平,2022/12/18 12:00,12.3,0,,,,
C0Z230,和平,2022/12/19 12:00,15.5,0,,,,
C0Z230,和平,2022/12/20 12:00,18.5,0,,,,
C0Z230,和平,2022/12/21 12:00,18.8,0,,,,
C0Z230,和平,2022/12/22 12:00,16.7,0,,,,
C0Z230,和平,2022/12/23 12:00,14.1,0,,,,
C0Z230,和平,2022/12/24 12:00,13.6,0,,,,
C0Z230,和平,2022/12/25 12:00,13.4,0,,,,
C0Z230,和平,2022/12/26 12:00,16.7,0,,,,
C0Z230,和平,2022/12/27 12:00,17.9,0,,,,
C0Z230,和平,2022/12/28 12:00,18.4,6.5,,,,
C0Z230,和平,2022/12/29 12:00,18.4,4.5,,,,
C0Z230,和平,2022/12/30 12:00,20.6,0,,,,
C0Z230,和平,2022/12/31 12:00,19.2,14,,,,
C0Z230,和平,2023/1/1 0:00,18.3,45,,,,
C0Z230,和平,2023/1/2 12:00,18.5,63,,,,
C0Z230,和平,2023/1/3 12:00,19.7,1,,,,
C0Z230,和平,2023/1/4 12:00,18.8,2,,,,
C0Z230,和平,2023/1/5 12:00,19.9,8.5,,,,
C0Z230,和平,2023/1/6 12:00,20.2,0.5,,,,
C0Z230,和平,2023/1/7 12:00,18.5,0,,,,
C0Z230,和平,2023/1/8 12:00,19.1,0,,,,
C0Z230,和平,2023/1/9 12:00,21,6,,,,
C0Z230,和平,2023/1/10 12:00,19.1,14.5,,,,
C0Z230,和平,2023/1/11 12:00,20.5,26.5,,,,
C0Z230,和平,2023/1/12 12:00,22.8,3.5,,,,
C0Z230,和平,2023/1/13 12:00,23.6,0,,,,
C0Z230,和平,2023/1/14 12:00,23.3,0,,,,
C0Z230,和平,2023/1/15 12:00,19.1,0,,,,
C0Z230,和平,2023/1/16 12:00,16.3,0,,,,
C0Z230,和平,2023/1/17 12:00,17.6,0,,,,
C0Z230,和平,2023/1/18 12:00,17.4,0,,,,
C0Z230,和平,2023/1/19 12:00,17.8,0.5,,,,
C0Z230,和平,2023/1/20 12:00,17.9,0.5,,,,
C0Z230,和平,2023/1/21 12:00,18.8,0.5,,,,
C0Z230,和平,2023/1/22 12:00,20.9,0,,,,
C0Z230,和平,2023/1/23 12:00,20.1,0,,,,
C0Z230,和平,2023/1/24 12:00,14.9,0,,,,
C0Z230,和平,2023/1/25 12:00,12.5,0,,,,
C0Z230,和平,2023/1/26 12:00,17,0,,,,
C0Z230,和平,2023/1/27 12:00,14.6,0,,,,
C0Z230,和平,2023/1/28 12:00,11.7,0,,,,
C0Z230,和平,2023/1/29 12:00,14.2,0,,,,
C0Z230,和平,2023/1/30 12:00,15.1,0,,,,
C0Z230,和平,2023/1/31 12:00,17.4,0,,,,
C0Z230,和平,2023/2/1 0:00,19.5,0,,,,
C0Z230,和平,2023/2/2 12:00,19.7,0,,,,
C0Z230,和平,2023/2/3 12:00,18.9,0,,,,
C0Z230,和平,2023/2/4 12:00,18.9,0,,,,
C0Z230,和平,2023/2/5 12:00,20,17.5,,,,
C0Z230,和平,2023/2/6 12:00,20.9,8.5,,,,
C0Z230,和平,2023/2/7 12:00,20.9,6.5,,,,
C0Z230,和平,2023/2/8 12:00,19.8,9,,,,
C0Z230,和平,2023/2/9 12:00,21.7,3,,,,
C0Z230,和平,2023/2/10 12:00,21,0.5,,,,
C0Z230,和平,2023/2/11 12:00,21.8,0,,,,
C0Z230,和平,2023/2/12 12:00,23.5,0.5,,,,
C0Z230,和平,2023/2/13 12:00,22.3,0,,,,
C0Z230,和平,2023/2/14 12:00,17.5,0,,,,
C0Z230,和平,2023/2/15 12:00,15.4,0,,,,
C0Z230,和平,2023/2/16 12:00,16.6,0,,,,
C0Z230,和平,2023/2/17 12:00,19.3,0,,,,
C0Z230,和平,2023/2/18 12:00,20,1.5,,,,
C0Z230,和平,2023/2/19 12:00,20.8,0,,,,
C0Z230,和平,2023/2/20 12:00,17.9,0,,,,
C0Z230,和平,2023/2/21 12:00,17.3,0,,,,
C0Z230,和平,2023/2/22 12:00,18.1,0,,,,
C0Z230,和平,2023/2/23 12:00,21.1,0,,,,
C0Z230,和平,2023/2/24 12:00,20.2,0,,,,
C0Z230,和平,2023/2/25 12:00,17.3,0,,,,
C0Z230,和平,2023/2/26 12:00,15.7,0,,,,
C0Z230,和平,2023/2/27 12:00,17.3,0,,,,
C0Z230,和平,2023/2/28 12:00,19.3,0,,,,
C0Z230,和平,2023/3/1 0:00,20.6,0,,,,
C0Z230,和平,2023/3/2 12:00,17.9,0,,,,
C0Z230,和平,2023/3/3 12:00,17.7,0,,,,
C0Z230,和平,2023/3/4 12:00,18.1,0,,,,
C0Z230,和平,2023/3/5 12:00,17.9,0,,,,
C0Z230,和平,2023/3/6 12:00,18.4,0,,,,
C0Z230,和平,2023/3/7 12:00,20.2,0,,,,
C0Z230,和平,2023/3/8 12:00,20.5,0,,,,
C0Z230,和平,2023/3/9 12:00,20.7,0,,,,
C0Z230,和平,2023/3/10 12:00,20.8,0,,,,
C0Z230,和平,2023/3/11 12:00,21.4,0,,,,
C0Z230,和平,2023/3/12 12:00,21,4,,,,
C0Z230,和平,2023/3/13 12:00,17.4,0,,,,
C0Z230,和平,2023/3/14 12:00,18.4,5,,,,
C0Z230,和平,2023/3/15 12:00,20.7,0,,,,
C0Z230,和平,2023/3/16 12:00,22.4,0,,,,
C0Z230,和平,2023/3/17 12:00,22.2,10.5,,,,
C0Z230,和平,2023/3/18 12:00,20.2,2.5,,,,
C0Z230,和平,2023/3/19 12:00,20.8,0,,,,
C0Z230,和平,2023/3/20 12:00,21.9,4.5,,,,
C0Z230,和平,2023/3/21 12:00,23.3,0,,,,
C0Z230,和平,2023/3/22 12:00,24.6,0,,,,
C0Z230,和平,2023/3/23 12:00,25,0,,,,
C0Z230,和平,2023/3/24 12:00,24.2,0,,,,
C0Z230,和平,2023/3/25 12:00,22.9,0,,,,
C0Z230,和平,2023/3/26 12:00,19.5,9.5,,,,
C0Z230,和平,2023/3/27 12:00,19.8,1.5,,,,
C0Z230,和平,2023/3/28 12:00,20.6,1,,,,
C0Z230,和平,2023/3/29 12:00,21.9,2.5,,,,
C0Z230,和平,2023/3/30 12:00,22.1,0,,,,
C0Z230,和平,2023/3/31 12:00,20.7,0,,,,
C0Z230,和平,2023/4/1 12:00,20.4,11.5,,,,
C0Z230,和平,2023/4/2 12:00,21.3,3.5,,,,
C0Z230,和平,2023/4/3 12:00,21.6,0,,,,
C0Z230,和平,2023/4/4 12:00,23.5,0,,,,
C0Z230,和平,2023/4/5 12:00,23.7,0,,,,
C0Z230,和平,2023/4/6 12:00,24,0,,,,
C0Z230,和平,2023/4/7 12:00,20,1,,,,
C0Z230,和平,2023/4/8 12:00,18.7,0,,,,
C0Z230,和平,2023/4/9 12:00,19.2,0,,,,
C0Z230,和平,2023/4/10 12:00,21.7,0,,,,
C0Z230,和平,2023/4/11 12:00,23.3,0,,,,
C0Z230,和平,2023/4/12 12:00,23.8,0,,,,
C0Z230,和平,2023/4/13 12:00,24.3,0,,,,
C0Z230,和平,2023/4/14 12:00,25.1,0,,,,
C0Z230,和平,2023/4/15 12:00,24.4,0,,,,
C0Z230,和平,2023/4/16 12:00,23.8,0,,,,
C0Z230,和平,2023/4/17 12:00,24.7,0,,,,
C0Z230,和平,2023/4/18 12:00,24.5,0,,,,
C0Z230,和平,2023/4/19 12:00,26.1,0,,,,
C0Z230,和平,2023/4/20 12:00,24.1,9.5,,,,
C0Z230,和平,2023/4/21 12:00,22.9,0,,,,
C0Z230,和平,2023/4/22 12:00,22.2,0,,,,
C0Z230,和平,2023/4/23 12:00,23.1,0,,,,
C0Z230,和平,2023/4/24 12:00,22.6,0,,,,
C0Z230,和平,2023/4/25 12:00,21.8,0,,,,
C0Z230,和平,2023/4/26 12:00,20.8,0,,,,
C0Z230,和平,2023/4/27 12:00,21.8,0,,,,
C0Z230,和平,2023/4/28 12:00,24.6,0,,,,
C0Z230,和平,2023/4/29 12:00,25.5,52,,,,
C0Z230,和平,2023/4/30 12:00,22.6,0.5,,,,
C0Z230,和平,2023/5/1 12:00,22.5,0,,,,
C0Z230,和平,2023/5/2 12:00,24.6,2,,,,
C0Z230,和平,2023/5/3 12:00,25.8,10.5,,,,
C0Z230,和平,2023/5/4 12:00,26.7,3.5,,,,
C0Z230,和平,2023/5/5 12:00,27,10.5,,,,
C0Z230,和平,2023/5/6 12:00,27.1,20.5,,,,
C0Z230,和平,2023/5/7 12:00,24.4,16.5,,,,
C0Z230,和平,2023/5/8 12:00,21.8,2.5,,,,
C0Z230,和平,2023/5/9 12:00,21.5,0,,,,
C0Z230,和平,2023/5/10 12:00,21.9,0,,,,
C0Z230,和平,2023/5/11 12:00,23.5,0,,,,
C0Z230,和平,2023/5/12 12:00,24.1,0,,,,
C0Z230,和平,2023/5/13 12:00,22.6,15,,,,
C0Z230,和平,2023/5/14 12:00,22.7,1,,,,
C0Z230,和平,2023/5/15 12:00,23.7,0.5,,,,
C0Z230,和平,2023/5/16 12:00,24.6,1,,,,
C0Z230,和平,2023/5/17 12:00,24.7,0,,,,
C0Z230,和平,2023/5/18 12:00,26.4,0,,,,
C0Z230,和平,2023/5/19 12:00,25.1,9,,,,
C0Z230,和平,2023/5/20 12:00,23.8,1.5,,,,
C0Z230,和平,2023/5/21 12:00,26,0,,,,
C0Z230,和平,2023/5/22 12:00,26.8,0,,,,
C0Z230,和平,2023/5/23 12:00,22.6,4.5,,,,
C0Z230,和平,2023/5/24 12:00,23.6,1,,,,
C0Z230,和平,2023/5/25 12:00,25.6,3,,,,
C0Z230,和平,2023/5/26 12:00,25.9,25.5,,,,
C0Z230,和平,2023/5/27 12:00,24.9,10.5,,,,
C0Z230,和平,2023/5/28 12:00,25.9,0,,,,
C0Z230,和平,2023/5/29 12:00,27.3,0,,,,
C0Z230,和平,2023/5/30 12:00,28.2,11,,,,
C0Z230,和平,2023/5/31 12:00,27.2,27,,,,
C0Z230,和平,2023/6/1 12:00,29.8,0,,,,
C0Z230,和平,2023/6/2 12:00,27.8,0,,,,
C0Z230,和平,2023/6/3 12:00,27.4,24,,,,
C0Z230,和平,2023/6/4 12:00,27.2,30.5,,,,
C0Z230,和平,2023/6/5 12:00,27.9,35,,,,
C0Z230,和平,2023/6/6 12:00,27.8,7,,,,
C0Z230,和平,2023/6/7 12:00,27.6,0,,,,
C0Z230,和平,2023/6/8 12:00,27.6,0,,,,
C0Z230,和平,2023/6/9 12:00,26.1,110.5,,,,
C0Z230,和平,2023/6/10 12:00,26.5,4.5,,,,
C0Z230,和平,2023/6/11 12:00,26.3,32.5,,,,
C0Z230,和平,2023/6/12 12:00,25.6,26,,,,
C0Z230,和平,2023/6/13 12:00,26,0.5,,,,
C0Z230,和平,2023/6/14 12:00,26.6,3.5,,,,
C0Z230,和平,2023/6/15 12:00,24.7,39,,,,
C0Z230,和平,2023/6/16 12:00,26.5,42.5,,,,
C0Z230,和平,2023/6/17 12:00,27.5,0,,,,
C0Z230,和平,2023/6/18 12:00,28.4,0,,,,
C0Z230,和平,2023/6/19 12:00,28.6,0,,,,
C0Z230,和平,2023/6/20 12:00,28.8,0,,,,
C0Z230,和平,2023/6/21 12:00,28.9,0,,,,
C0Z230,和平,2023/6/22 12:00,28.9,0,,,,
C0Z230,和平,2023/6/23 12:00,28.9,6,,,,
C0Z230,和平,2023/6/24 12:00,28.7,3.5,,,,
C0Z230,和平,2023/6/25 12:00,28.5,0,,,,
C0Z230,和平,2023/6/26 12:00,28.5,0.5,,,,
C0Z230,和平,2023/6/27 12:00,28.5,0,,,,
C0Z230,和平,2023/6/28 12:00,27.5,3,,,,
C0Z230,和平,2023/6/29 12:00,28.3,0,,,,
C0Z230,和平,2023/6/30 12:00,27.9,15.5,,,,
C0Z230,和平,2023/7/1 12:00,28.2,8,,,,
C0Z230,和平,2023/7/2 12:00,28.5,2,,,,
C0Z230,和平,2023/7/3 12:00,28,2,,,,
C0Z230,和平,2023/7/4 12:00,28.6,0,,,,
C0Z230,和平,2023/7/5 12:00,29.5,0,,,,
C0Z230,和平,2023/7/6 12:00,29.7,0,,,,
C0Z230,和平,2023/7/7 12:00,29.6,0,,,,
C0Z230,和平,2023/7/8 12:00,29.7,0,,,,
C0Z230,和平,2023/7/9 12:00,29.4,0,,,,
C0Z230,和平,2023/7/10 12:00,29,0,,,,
C0Z230,和平,2023/7/11 12:00,28.9,0,,,,
C0Z230,和平,2023/7/12 12:00,29.1,0,,,,
C0Z230,和平,2023/7/13 12:00,29,3,,,,
C0Z230,和平,2023/7/14 12:00,29.2,0,,,,
C0Z230,和平,2023/7/15 12:00,29.4,0.5,,,,
C0Z230,和平,2023/7/16 12:00,29.2,0,,,,
C0Z230,和平,2023/7/17 12:00,29.3,0,,,,
C0Z230,和平,2023/7/18 12:00,28.4,4.5,,,,
C0Z230,和平,2023/7/19 12:00,28.6,0,,,,
C0Z230,和平,2023/7/20 12:00,29,0,,,,
C0Z230,和平,2023/7/21 12:00,29,0,,,,
C0Z230,和平,2023/7/22 12:00,29.1,0,,,,
C0Z230,和平,2023/7/23 12:00,29.3,0,,,,
C0Z230,和平,2023/7/24 12:00,29.2,0,,,,
C0Z230,和平,2023/7/25 12:00,28.8,24.5,,,,
C0Z230,和平,2023/7/26 12:00,27.2,93.5,,,,
C0Z230,和平,2023/7/27 12:00,27.9,69,,,,
C0Z230,和平,2023/7/28 12:00,27.8,16.5,,,,
C0Z230,和平,2023/7/29 12:00,27.8,11.5,,,,
C0Z230,和平,2023/7/30 12:00,27.9,0,,,,
C0Z230,和平,2023/7/31 12:00,28.4,0,,,,
C0Z230,和平,2023/8/1 12:00,28.3,0,,,,
C0Z230,和平,2023/8/2 12:00,29,0,,,,
C0Z230,和平,2023/8/3 12:00,28.9,0,,,,
C0Z230,和平,2023/8/4 12:00,30.3,0,,,,
C0Z230,和平,2023/8/5 12:00,29,0.5,,,,
C0Z230,和平,2023/8/6 12:00,29.5,0,,,,
C0Z230,和平,2023/8/7 12:00,29.5,0,,,,
C0Z230,和平,2023/8/8 12:00,29.1,0,,,,
C0Z230,和平,2023/8/9 12:00,29.4,0,,,,
C0Z230,和平,2023/8/10 12:00,29,0,,,,
C0Z230,和平,2023/8/11 12:00,27.9,14,,,,
C0Z230,和平,2023/8/12 12:00,28.3,0,,,,
C0Z230,和平,2023/8/13 12:00,28.8,0,,,,
C0Z230,和平,2023/8/14 12:00,29,0,,,,
C0Z230,和平,2023/8/15 12:00,29.6,0,,,,
C0Z230,和平,2023/8/16 12:00,28.2,15,,,,
C0Z230,和平,2023/8/17 12:00,28.1,0,,,,
C0Z230,和平,2023/8/18 12:00,26.6,6.5,,,,
C0Z230,和平,2023/8/19 12:00,27.5,0,,,,
C0Z230,和平,2023/8/20 12:00,28,0,,,,
C0Z230,和平,2023/8/21 12:00,28.4,0,,,,
C0Z230,和平,2023/8/22 12:00,29,0,,,,
C0Z230,和平,2023/8/23 12:00,28.9,0,,,,
C0Z230,和平,2023/8/24 12:00,28.6,0,,,,
C0Z230,和平,2023/8/25 12:00,28.5,0,,,,
C0Z230,和平,2023/8/26 12:00,28.7,0,,,,
C0Z230,和平,2023/8/27 12:00,29,0,,,,
C0Z230,和平,2023/8/28 12:00,28.9,0,,,,
C0Z230,和平,2023/8/29 12:00,28.9,1,,,,
C0Z230,和平,2023/8/30 12:00,27.9,41,,,,
C0Z230,和平,2023/8/31 12:00,27.1,96,,,,
C0Z230,和平,2023/9/1 12:00,28.5,0,,,,
C0Z230,和平,2023/9/2 12:00,29.1,2,,,,
C0Z230,和平,2023/9/3 12:00,27.8,124.5,,,,
C0Z230,和平,2023/9/4 12:00,27.8,94.5,,,,
C0Z230,和平,2023/9/5 12:00,27.7,9,,,,
C0Z230,和平,2023/9/6 12:00,27.3,34.5,,,,
C0Z230,和平,2023/9/7 12:00,25.8,4.5,,,,
C0Z230,和平,2023/9/8 12:00,25.4,0.5,,,,
C0Z230,和平,2023/9/9 12:00,26.1,0,,,,
C0Z230,和平,2023/9/10 12:00,26.2,0,,,,
C0Z230,和平,2023/9/11 12:00,26.5,0,,,,
C0Z230,和平,2023/9/12 12:00,26.9,0,,,,
C0Z230,和平,2023/9/13 12:00,27.1,0,,,,
C0Z230,和平,2023/9/14 12:00,27.4,0,,,,
C0Z230,和平,2023/9/15 12:00,28.3,0,,,,
C0Z230,和平,2023/9/16 12:00,28,0,,,,
C0Z230,和平,2023/9/17 12:00,27.8,0,,,,
C0Z230,和平,2023/9/18 12:00,27.8,0,,,,
C0Z230,和平,2023/9/19 12:00,28,0,,,,
C0Z230,和平,2023/9/20 12:00,28.1,0,,,,
C0Z230,和平,2023/9/21 12:00,28.4,0,,,,
C0Z230,和平,2023/9/22 12:00,28.2,0,,,,
C0Z230,和平,2023/9/23 12:00,28.5,1,,,,
C0Z230,和平,2023/9/24 12:00,28,0,,,,
C0Z230,和平,2023/9/25 12:00,28.1,0,,,,
C0Z230,和平,2023/9/26 12:00,28.4,3.5,,,,
C0Z230,和平,2023/9/27 12:00,27.6,30.5,,,,
C0Z230,和平,2023/9/28 12:00,28.3,0,,,,
C0Z230,和平,2023/9/29 12:00,28.3,0,,,,
C0Z230,和平,2023/9/30 12:00,28.3,0,,,,
C0Z230,和平,2023/10/1 12:00,28.3,0,,,,
C0Z230,和平,2023/10/2 12:00,27.8,0,,,,
C0Z230,和平,2023/10/3 12:00,28.4,0,,,,
C0Z230,和平,2023/10/4 12:00,28.6,27.5,,,,
C0Z230,和平,2023/10/5 12:00,27.9,34,,,,
C0Z230,和平,2023/10/6 12:00,26.6,20.5,,,,
C0Z230,和平,2023/10/7 12:00,26.8,0.5,,,,
C0Z230,和平,2023/10/8 12:00,26.1,11.5,,,,
C0Z230,和平,2023/10/9 12:00,26.1,2,,,,
C0Z230,和平,2023/10/10 12:00,24.8,175,,,,
C0Z230,和平,2023/10/11 12:00,25,0.5,,,,
C0Z230,和平,2023/10/12 12:00,25.5,0,,,,
C0Z230,和平,2023/10/13 12:00,25.3,0,,,,
C0Z230,和平,2023/10/14 12:00,24.7,0,,,,
C0Z230,和平,2023/10/15 12:00,23.7,0,,,,
C0Z230,和平,2023/10/16 12:00,22.9,0.5,,,,
C0Z230,和平,2023/10/17 12:00,23.6,0,,,,
C0Z230,和平,2023/10/18 12:00,25.5,0,,,,
C0Z230,和平,2023/10/19 12:00,26.1,0,,,,
C0Z230,和平,2023/10/20 12:00,25.6,3,,,,
C0Z230,和平,2023/10/21 12:00,23.4,2,,,,
C0Z230,和平,2023/10/22 12:00,22.9,3,,,,
C0Z230,和平,2023/10/23 12:00,23.4,8,,,,
C0Z230,和平,2023/10/24 12:00,25.5,3,,,,
C0Z230,和平,2023/10/25 12:00,25.3,4.5,,,,
C0Z230,和平,2023/10/26 12:00,24.8,0,,,,
C0Z230,和平,2023/10/27 12:00,23.6,1.5,,,,
C0Z230,和平,2023/10/28 12:00,21.8,9,,,,
C0Z230,和平,2023/10/29 12:00,22.7,2,,,,
C0Z230,和平,2023/10/30 12:00,22.9,7,,,,
C0Z230,和平,2023/10/31 12:00,23.3,7,,,,
C0Z230,和平,2023/11/1 12:00,23.7,1,,,,
C0Z230,和平,2023/11/2 12:00,24.8,0,,,,
C0Z230,和平,2023/11/3 12:00,25,0,,,,
C0Z230,和平,2023/11/4 12:00,24.9,0,,,,
C0Z230,和平,2023/11/5 12:00,25.1,0,,,,
C0Z230,和平,2023/11/6 12:00,26.2,0,,,,
C0Z230,和平,2023/11/7 12:00,23.8,0,,,,
C0Z230,和平,2023/11/8 12:00,24.2,0,,,,
C0Z230,和平,2023/11/9 12:00,25.4,0,,,,
C0Z230,和平,2023/11/10 12:00,25.4,0,,,,
C0Z230,和平,2023/11/11 12:00,24.2,1,,,,
C0Z230,和平,2023/11/12 12:00,22.8,0,,,,
C0Z230,和平,2023/11/13 12:00,20.6,0,,,,
C0Z230,和平,2023/11/14 12:00,20.9,0,,,,
C0Z230,和平,2023/11/15 12:00,21.1,2,,,,
C0Z230,和平,2023/11/16 12:00,22.4,1,,,,
C0Z230,和平,2023/11/17 12:00,18.5,0,,,,
C0Z230,和平,2023/11/18 12:00,17.5,0,,,,
C0Z230,和平,2023/11/19 12:00,19.3,0,,,,
C0Z230,和平,2023/11/20 12:00,21.2,1.5,,,,
C0Z230,和平,2023/11/21 12:00,21.8,0,,,,
C0Z230,和平,2023/11/22 12:00,22.5,0,,,,
C0Z230,和平,2023/11/23 12:00,22.7,0,,,,
C0Z230,和平,2023/11/24 12:00,20.7,0,,,,
C0Z230,和平,2023/11/25 12:00,19.7,5.5,,,,
C0Z230,和平,2023/11/26 12:00,20.6,4.5,,,,
C0Z230,和平,2023/11/27 12:00,22.1,0,,,,
C0Z230,和平,2023/11/28 12:00,21.6,0,,,,
C0Z230,和平,2023/11/29 12:00,21.8,0,,,,
C0Z230,和平,2023/11/30 12:00,22.1,0,,,,
C0Z230,和平,2023/12/1 12:00,19.7,0,,,,
C0Z230,和平,2023/12/2 12:00,20,0,,,,
C0Z230,和平,2023/12/3 12:00,21.8,0,,,,
C0Z230,和平,2023/12/4 12:00,22.8,9,,,,
C0Z230,和平,2023/12/5 12:00,21,7,,,,
C0Z230,和平,2023/12/6 12:00,20.6,2,,,,
C0Z230,和平,2023/12/7 12:00,19.8,0,,,,
C0Z230,和平,2023/12/8 12:00,20.7,0,,,,
C0Z230,和平,2023/12/9 12:00,22.3,0,,,,
C0Z230,和平,2023/12/10 12:00,23.2,0.5,,,,
C0Z230,和平,2023/12/11 12:00,24.3,0,,,,
C0Z230,和平,2023/12/12 12:00,22.7,0,,,,
C0Z230,和平,2023/12/13 12:00,21.5,0,,,,
C0Z230,和平,2023/12/14 12:00,23,0,,,,
C0Z230,和平,2023/12/15 12:00,23.7,0,,,,
C0Z230,和平,2023/12/16 12:00,19.3,0,,,,
C0Z230,和平,2023/12/17 12:00,17.6,0,,,,
C0Z230,和平,2023/12/18 12:00,19.7,0,,,,
C0Z230,和平,2023/12/19 12:00,20.7,0,,,,
C0Z230,和平,2023/12/20 12:00,19.3,0,,,,
C0Z230,和平,2023/12/21 12:00,16.5,0,,,,
C0Z230,和平,2023/12/22 12:00,14.2,0,,,,
C0Z230,和平,2023/12/23 12:00,16.9,0,,,,
C0Z230,和平,2023/12/24 12:00,17.9,1,,,,
C0Z230,和平,2023/12/25 12:00,16.5,0,,,,
C0Z230,和平,2023/12/26 12:00,18.6,0,,,,
C0Z230,和平,2023/12/27 12:00,20.6,0,,,,
C0Z230,和平,2023/12/28 12:00,20.2,12,,,,
C0Z230,和平,2023/12/29 12:00,21.4,0,,,,
C0Z230,和平,2023/12/30 12:00,22,0,,,,
C0Z230,和平,2023/12/31 12:00,20.9,0,,,,
C0Z230,和平,2024/1/1 12:00,18.5,0,,,,
C0Z230,和平,2024/1/2 12:00,19.2,0,,,,
C0Z230,和平,2024/1/3 12:00,18.2,0,,,,
C0Z230,和平,2024/1/4 12:00,17,0,,,,
C0Z230,和平,2024/1/5 12:00,19.2,0,,,,
C0Z230,和平,2024/1/6 12:00,19.2,0,,,,
C0Z230,和平,2024/1/7 12:00,18.6,0,,,,
C0Z230,和平,2024/1/8 12:00,18.3,0,,,,
C0Z230,和平,2024/1/9 12:00,20.5,0,,,,
C0Z230,和平,2024/1/10 12:00,18.5,0,,,,
C0Z230,和平,2024/1/11 12:00,16,0,,,,
C0Z230,和平,2024/1/12 12:00,17.2,0.5,,,,
C0Z230,和平,2024/1/13 12:00,18.3,0,,,,
C0Z230,和平,2024/1/14 12:00,19.9,0,,,,
C0Z230,和平,2024/1/15 12:00,19.3,0,,,,
C0Z230,和平,2024/1/16 12:00,17.7,0,,,,
C0Z230,和平,2024/1/17 12:00,18.9,7.5,,,,
C0Z230,和平,2024/1/18 12:00,20.6,0,,,,
C0Z230,和平,2024/1/19 12:00,21,0,,,,
C0Z230,和平,2024/1/20 12:00,21.7,0,,,,
C0Z230,和平,2024/1/21 12:00,18.6,0,,,,
C0Z230,和平,2024/1/22 12:00,17.2,0,,,,
C0Z230,和平,2024/1/23 12:00,12.8,1,,,,
C0Z230,和平,2024/1/24 12:00,13,0,,,,
C0Z230,和平,2024/1/25 12:00,13.5,0,,,,
C0Z230,和平,2024/1/26 12:00,15.4,0,,,,
C0Z230,和平,2024/1/27 12:00,16.1,0,,,,
C0Z230,和平,2024/1/28 12:00,16,0,,,,
C0Z230,和平,2024/1/29 12:00,18.9,0,,,,
C0Z230,和平,2024/1/30 12:00,20.8,5.5,,,,
C0Z230,和平,2024/1/31 12:00,22.2,0,,,,
C0Z230,和平,2024/2/1 12:00,22.8,0,,,,
C0Z230,和平,2024/2/2 12:00,22,0.5,,,,
C0Z230,和平,2024/2/3 12:00,20.8,4.5,,,,
C0Z230,和平,2024/2/4 12:00,22.2,1,,,,
C0Z230,和平,2024/2/5 12:00,19.8,0.5,,,,
C0Z230,和平,2024/2/6 12:00,19.1,0,,,,
C0Z230,和平,2024/2/7 12:00,19.5,0.5,,,,
C0Z230,和平,2024/2/8 12:00,17.3,7.5,,,,
C0Z230,和平,2024/2/9 12:00,16.2,2,,,,
C0Z230,和平,2024/2/10 12:00,14.9,0,,,,
C0Z230,和平,2024/2/11 12:00,15.8,0,,,,
C0Z230,和平,2024/2/12 12:00,17.9,0,,,,
C0Z230,和平,2024/2/13 12:00,19.5,0,,,,
C0Z230,和平,2024/2/14 12:00,20.6,0,,,,
C0Z230,和平,2024/2/15 12:00,21.5,0,,,,
C0Z230,和平,2024/2/16 12:00,19,0.5,,,,
C0Z230,和平,2024/2/17 12:00,20.2,2,,,,
C0Z230,和平,2024/2/18 12:00,23,0,,,,
C0Z230,和平,2024/2/19 12:00,23.8,1.5,,,,
C0Z230,和平,2024/2/20 12:00,24,0,,,,
C0Z230,和平,2024/2/21 12:00,23.8,0,,,,
C0Z230,和平,2024/2/22 12:00,22.2,2.5,,,,
C0Z230,和平,2024/2/23 12:00,18,0.5,,,,
C0Z230,和平,2024/2/24 12:00,18.6,0,,,,
C0Z230,和平,2024/2/25 12:00,16.4,0,,,,
C0Z230,和平,2024/2/26 12:00,16.1,0,,,,
C0Z230,和平,2024/2/27 12:00,17.4,0,,,,
C0Z230,和平,2024/2/28 12:00,19.7,3,,,,
C0Z230,和平,2024/2/29 12:00,20.4,0,,,,
C0Z230,和平,2024/3/1 12:00,16.3,0,,,,
C0Z230,和平,2024/3/2 12:00,15.3,0,,,,
C0Z230,和平,2024/3/3 12:00,16.9,0.5,,,,
C0Z230,和平,2024/3/4 12:00,21.4,0,,,,
C0Z230,和平,2024/3/5 12:00,23.7,0,,,,
C0Z230,和平,2024/3/6 12:00,19.8,0,,,,
C0Z230,和平,2024/3/7 12:00,17.7,0,,,,
C0Z230,和平,2024/3/8 12:00,16,0,,,,
C0Z230,和平,2024/3/9 12:00,15.7,0,,,,
C0Z230,和平,2024/3/10 12:00,17.9,0,,,,
C0Z230,和平,2024/3/11 12:00,20.1,1.5,,,,
C0Z230,和平,2024/3/12 12:00,19.4,0,,,,
C0Z230,和平,2024/3/13 12:00,17.1,0,,,,
C0Z230,和平,2024/3/14 12:00,19.1,0,,,,
C0Z230,和平,2024/3/15 12:00,20.7,0,,,,
C0Z230,和平,2024/3/16 12:00,22.1,0,,,,
C0Z230,和平,2024/3/17 12:00,22.9,0,,,,
C0Z230,和平,2024/3/18 12:00,19.8,0,,,,
C0Z230,和平,2024/3/19 12:00,19.2,0,,,,
C0Z230,和平,2024/3/20 12:00,18.4,0,,,,
C0Z230,和平,2024/3/21 12:00,18.7,0,,,,
C0Z230,和平,2024/3/22 12:00,20.9,0,,,,
C0Z230,和平,2024/3/23 12:00,23.6,16,,,,
C0Z230,和平,2024/3/24 12:00,25.1,9.5,,,,
C0Z230,和平,2024/3/25 12:00,25.1,2,,,,
C0Z230,和平,2024/3/26 12:00,21.9,0,,,,
C0Z230,和平,2024/3/27 12:00,20.8,0,,,,
C0Z230,和平,2024/3/28 12:00,24,0,,,,
C0Z230,和平,2024/3/29 12:00,23.2,0,,,,
C0Z230,和平,2024/3/30 12:00,23.5,1.5,,,,
C0Z230,和平,2024/3/31 12:00,24.3,1,,,,
C0Z230,和平,2024/4/1 12:00,23.9,0,,,,
C0Z230,和平,2024/4/2 12:00,24.6,0,,,,
C0Z230,和平,2024/4/3 12:00,26.1,0,,,,
C0Z230,和平,2024/4/4 12:00,26.3,0.5,,,,
C0Z230,和平,2024/4/5 12:00,22.5,2.5,,,,
C0Z230,和平,2024/4/6 12:00,22.7,4.5,,,,
C0Z230,和平,2024/4/7 12:00,23.9,1,,,,
C0Z230,和平,2024/4/8 12:00,24.5,0,,,,
C0Z230,和平,2024/4/9 12:00,21.6,0,,,,
C0Z230,和平,2024/4/10 12:00,22.1,0,,,,
C0Z230,和平,2024/4/11 12:00,24.2,0,,,,
C0Z230,和平,2024/4/12 12:00,25.8,0,,,,
C0Z230,和平,2024/4/13 12:00,25.8,0,,,,
C0Z230,和平,2024/4/14 12:00,26.8,8.5,,,,
C0Z230,和平,2024/4/15 12:00,26.7,0,,,,
C0Z230,和平,2024/4/16 12:00,27.1,6.5,,,,
C0Z230,和平,2024/4/17 12:00,27.1,0,,,,
C0Z230,和平,2024/4/18 12:00,24.5,0,,,,
C0Z230,和平,2024/4/19 12:00,24.5,0,,,,
C0Z230,和平,2024/4/20 12:00,26.3,0,,,,
C0Z230,和平,2024/4/21 12:00,27,0,,,,
C0Z230,和平,2024/4/22 12:00,26,28,,,,
C0Z230,和平,2024/4/23 12:00,26,0,,,,
C0Z230,和平,2024/4/24 12:00,23.4,17,,,,
C0Z230,和平,2024/4/25 12:00,23.5,8,,,,
C0Z230,和平,2024/4/26 12:00,24.7,0.5,,,,
C0Z230,和平,2024/4/27 12:00,25.3,4,,,,
C0Z230,和平,2024/4/28 12:00,25.9,0.5,,,,
C0Z230,和平,2024/4/29 12:00,27,0,,,,
C0Z230,和平,2024/4/30 12:00,27.4,0,,,,
C0Z230,和平,2024/5/1 12:00,24.7,3,,,,
C0Z230,和平,2024/5/2 12:00,22.3,12,,,,
C0Z230,和平,2024/5/3 12:00,23.5,3.5,,,,
C0Z230,和平,2024/5/4 12:00,26.1,0,,,,
C0Z230,和平,2024/5/5 12:00,26.6,0.5,,,,
C0Z230,和平,2024/5/6 12:00,27,0,,,,
C0Z230,和平,2024/5/7 12:00,26,0,,,,
C0Z230,和平,2024/5/8 12:00,24.9,0,,,,
C0Z230,和平,2024/5/9 12:00,23.5,0,,,,
C0Z230,和平,2024/5/10 12:00,25,0,,,,
C0Z230,和平,2024/5/11 12:00,25.9,0,,,,
C0Z230,和平,2024/5/12 12:00,27.2,0,,,,
C0Z230,和平,2024/5/13 12:00,22.1,0,,,,
C0Z230,和平,2024/5/14 12:00,22.1,0.5,,,,
C0Z230,和平,2024/5/15 12:00,23.4,0,,,,
C0Z230,和平,2024/5/16 12:00,23.3,0,,,,
C0Z230,和平,2024/5/17 12:00,24.9,0,,,,
C0Z230,和平,2024/5/18 12:00,25.7,0,,,,
C0Z230,和平,2024/5/19 12:00,26.3,0,,,,
C0Z230,和平,2024/5/20 12:00,26.5,0,,,,
C0Z230,和平,2024/5/21 12:00,26.6,1.5,,,,
C0Z230,和平,2024/5/22 12:00,26.1,0.5,,,,
C0Z230,和平,2024/5/23 12:00,25,4,,,,
C0Z230,和平,2024/5/24 12:00,25.8,5.5,,,,
C0Z230,和平,2024/5/25 12:00,26.7,0.5,,,,
C0Z230,和平,2024/5/26 12:00,27.5,0,,,,
C0Z230,和平,2024/5/27 12:00,26.8,6,,,,
C0Z230,和平,2024/5/28 12:00,25.1,5,,,,
C0Z230,和平,2024/5/29 12:00,24.7,0.5,,,,
C0Z230,和平,2024/5/30 12:00,26.4,1.5,,,,
C0Z230,和平,2024/5/31 12:00,27.8,0.5,,,,
C0Z230,和平,2024/6/1 12:00,27.6,6.5,,,,
C0Z230,和平,2024/6/2 12:00,25.2,7,,,,
C0Z230,和平,2024/6/3 12:00,24.2,0,,,,
C0Z230,和平,2024/6/4 12:00,25.3,0,,,,
C0Z230,和平,2024/6/5 12:00,25.8,0.5,,,,
C0Z230,和平,2024/6/6 12:00,25.6,1.5,,,,
C0Z230,和平,2024/6/7 12:00,25.4,58,,,,
C0Z230,和平,2024/6/8 12:00,26.6,2.5,,,,
C0Z230,和平,2024/6/9 12:00,26.9,35.5,,,,
C0Z230,和平,2024/6/10 12:00,27.5,2,,,,
C0Z230,和平,2024/6/11 12:00,28.5,0,,,,
C0Z230,和平,2024/6/12 12:00,28.9,0,,,,
C0Z230,和平,2024/6/13 12:00,28.9,0,,,,
C0Z230,和平,2024/6/14 12:00,27.9,1,,,,
C0Z230,和平,2024/6/15 12:00,29.1,0,,,,
C0Z230,和平,2024/6/16 12:00,28.9,0,,,,
C0Z230,和平,2024/6/17 12:00,28.5,0,,,,
C0Z230,和平,2024/6/18 12:00,28.1,0,,,,
C0Z230,和平,2024/6/19 12:00,28.5,0.5,,,,
C0Z230,和平,2024/6/20 12:00,28.8,1,,,,
C0Z230,和平,2024/6/21 12:00,29.2,5,,,,
C0Z230,和平,2024/6/22 12:00,29.6,0,,,,
C0Z230,和平,2024/6/23 12:00,29.6,10.5,,,,
C0Z230,和平,2024/6/24 12:00,28.6,10,,,,
C0Z230,和平,2024/6/25 12:00,28.7,0,,,,
C0Z230,和平,2024/6/26 12:00,29.2,0,,,,
C0Z230,和平,2024/6/27 12:00,29.4,0,,,,
C0Z230,和平,2024/6/28 12:00,28.3,44,,,,
C0Z230,和平,2024/6/29 12:00,27.9,108,,,,
C0Z230,和平,2024/6/30 12:00,28.9,0,,,,
C0Z230,和平,2024/7/1 12:00,29.1,26,,,,
C0Z230,和平,2024/7/2 12:00,28.9,2.5,,,,
C0Z230,和平,2024/7/3 12:00,29.4,0,,,,
C0Z230,和平,2024/7/4 12:00,29.5,0,,,,
C0Z230,和平,2024/7/5 12:00,29.7,0,,,,
C0Z230,和平,2024/7/6 12:00,29.9,0,,,,
C0Z230,和平,2024/7/7 12:00,29.9,0,,,,
C0Z230,和平,2024/7/8 12:00,29.2,1.5,,,,
C0Z230,和平,2024/7/9 12:00,29,0,,,,
C0Z230,和平,2024/7/10 12:00,29.5,0,,,,
C0Z230,和平,2024/7/11 12:00,28.9,0,,,,
C0Z230,和平,2024/7/12 12:00,28.9,0,,,,
C0Z230,和平,2024/7/13 12:00,28.7,0,,,,
C0Z230,和平,2024/7/14 12:00,28.5,0,,,,
C0Z230,和平,2024/7/15 12:00,29.2,0,,,,
C0Z230,和平,2024/7/16 12:00,28.8,0,,,,
C0Z230,和平,2024/7/17 12:00,28.8,0,,,,
C0Z230,和平,2024/7/18 12:00,29,0,,,,
C0Z230,和平,2024/7/19 12:00,29.5,0,,,,
C0Z230,和平,2024/7/20 12:00,29.4,0,,,,
C0Z230,和平,2024/7/21 12:00,29.3,0,,,,
C0Z230,和平,2024/7/22 12:00,29.6,0,,,,
C0Z230,和平,2024/7/23 12:00,27.1,30.5,,,,
C0Z230,和平,2024/7/24 12:00,26.5,201,,,,
C0Z230,和平,2024/7/25 12:00,26.5,79,,,,
C0Z230,和平,2024/7/26 12:00,26.7,17,,,,
C0Z230,和平,2024/7/27 12:00,25.2,39,,,,
C0Z230,和平,2024/7/28 12:00,26.2,0,,,,
C0Z230,和平,2024/7/29 12:00,26.3,8.5,,,,
C0Z230,和平,2024/7/30 12:00,27,0,,,,
C0Z230,和平,2024/7/31 12:00,28,0,,,,
C0Z230,和平,2024/8/1 12:00,28.2,0,,,,
C0Z230,和平,2024/8/2 12:00,28.6,0,,,,
C0Z230,和平,2024/8/3 12:00,28.7,0,,,,
C0Z230,和平,2024/8/4 12:00,28.8,0,,,,
C0Z230,和平,2024/8/5 12:00,28.4,0,,,,
C0Z230,和平,2024/8/6 12:00,28,0,,,,
C0Z230,和平,2024/8/7 12:00,28.5,0,,,,
C0Z230,和平,2024/8/8 12:00,27.8,2,,,,
C0Z230,和平,2024/8/9 12:00,27.9,0,,,,
C0Z230,和平,2024/8/10 12:00,28.1,0,,,,
C0Z230,和平,2024/8/11 12:00,28.8,0,,,,
C0Z230,和平,2024/8/12 12:00,28.9,0,,,,
C0Z230,和平,2024/8/13 12:00,28.2,0,,,,
C0Z230,和平,2024/8/14 12:00,27.6,0,,,,
C0Z230,和平,2024/8/15 12:00,26.7,11.5,,,,
C0Z230,和平,2024/8/16 12:00,27,0.5,,,,
C0Z230,和平,2024/8/17 12:00,27.3,2.5,,,,
C0Z230,和平,2024/8/18 12:00,27.3,7.5,,,,
C0Z230,和平,2024/8/19 12:00,27.1,4.5,,,,
C0Z230,和平,2024/8/20 12:00,28.1,0,,,,
C0Z230,和平,2024/8/21 12:00,28.2,0,,,,
C0Z230,和平,2024/8/22 12:00,28.3,0,,,,
C0Z230,和平,2024/8/23 12:00,28.1,0,,,,
C0Z230,和平,2024/8/24 12:00,28.1,0,,,,
C0Z230,和平,2024/8/25 12:00,27.6,0,,,,
C0Z230,和平,2024/8/26 12:00,27.9,0,,,,
C0Z230,和平,2024/8/27 12:00,28.5,0,,,,
C0Z230,和平,2024/8/28 12:00,28.5,0,,,,
C0Z230,和平,2024/8/29 12:00,28.5,0,,,,
C0Z230,和平,2024/8/30 12:00,28.5,0,,,,
C0Z230,和平,2024/8/31 12:00,28.7,0,,,,
C0Z230,和平,2024/9/1 12:00,28.8,0,,,,
C0Z230,和平,2024/9/2 12:00,28.8,0,,,,
C0Z230,和平,2024/9/3 12:00,28.1,0,,,,
C0Z230,和平,2024/9/4 12:00,28.5,0,,,,
C0Z230,和平,2024/9/5 12:00,28.1,3.5,,,,
C0Z230,和平,2024/9/6 12:00,28.7,0,,,,
C0Z230,和平,2024/9/7 12:00,27.9,19.5,,,,
C0Z230,和平,2024/9/8 12:00,26.9,2,,,,
C0Z230,和平,2024/9/9 12:00,27.7,0,,,,
C0Z230,和平,2024/9/10 12:00,28.3,0,,,,
C0Z230,和平,2024/9/11 12:00,28.7,0,,,,
C0Z230,和平,2024/9/12 12:00,27,3,,,,
C0Z230,和平,2024/9/13 12:00,27.6,1.5,,,,
C0Z230,和平,2024/9/14 12:00,26.7,2,,,,
C0Z230,和平,2024/9/15 12:00,27.3,0,,,,
C0Z230,和平,2024/9/16 12:00,27.5,2,,,,
C0Z230,和平,2024/9/17 12:00,27.8,30.5,,,,
C0Z230,和平,2024/9/18 12:00,27.1,0,,,,
C0Z230,和平,2024/9/19 12:00,27.8,0.5,,,,
C0Z230,和平,2024/9/20 12:00,28.4,0,,,,
C0Z230,和平,2024/9/21 12:00,28.2,0,,,,
C0Z230,和平,2024/9/22 12:00,27.5,30.5,,,,
C0Z230,和平,2024/9/23 12:00,26.5,10,,,,
C0Z230,和平,2024/9/24 12:00,26.7,0,,,,
C0Z230,和平,2024/9/25 12:00,26.7,14.5,,,,
C0Z230,和平,2024/9/26 12:00,26.7,0,,,,
C0Z230,和平,2024/9/27 12:00,26.9,0,,,,
C0Z230,和平,2024/9/28 12:00,26.2,15.5,,,,
C0Z230,和平,2024/9/29 12:00,26.2,9,,,,
C0Z230,和平,2024/9/30 12:00,25.1,69.5,,,,
C0Z230,和平,2024/10/1 12:00,26.5,19.5,,,,
C0Z230,和平,2024/10/2 12:00,26.6,68.5,,,,
C0Z230,和平,2024/10/3 12:00,23.7,111,,,,
C0Z230,和平,2024/10/4 12:00,24.9,0.5,,,,
C0Z230,和平,2024/10/5 12:00,25.7,1,,,,
C0Z230,和平,2024/10/6 12:00,26.3,0,,,,
C0Z230,和平,2024/10/7 12:00,25.7,12.5,,,,
C0Z230,和平,2024/10/8 12:00,24.4,0.5,,,,
C0Z230,和平,2024/10/9 12:00,24.4,0,,,,
C0Z230,和平,2024/10/10 12:00,24,0,,,,
C0Z230,和平,2024/10/11 12:00,23.7,0,,,,
C0Z230,和平,2024/10/12 12:00,24.4,0,,,,
C0Z230,和平,2024/10/13 12:00,25.7,0,,,,
C0Z230,和平,2024/10/14 12:00,26,0,,,,
C0Z230,和平,2024/10/15 12:00,25.7,4,,,,
C0Z230,和平,2024/10/16 12:00,25.6,2,,,,
C0Z230,和平,2024/10/17 12:00,26.2,0,,,,
C0Z230,和平,2024/10/18 12:00,26.5,0,,,,
C0Z230,和平,2024/10/19 12:00,26.2,32.5,,,,
C0Z230,和平,2024/10/20 12:00,24.1,45,,,,
C0Z230,和平,2024/10/21 12:00,25,3.5,,,,
C0Z230,和平,2024/10/22 12:00,25.3,0,,,,
C0Z230,和平,2024/10/23 12:00,24.2,0,,,,
C0Z230,和平,2024/10/24 12:00,22.9,65.5,,,,
C0Z230,和平,2024/10/25 12:00,25.8,17,,,,
C0Z230,和平,2024/10/26 12:00,25.3,15,,,,
C0Z230,和平,2024/10/27 12:00,25.7,2.5,,,,
C0Z230,和平,2024/10/28 12:00,24.4,22.5,,,,
C0Z230,和平,2024/10/29 12:00,23.9,0,,,,
C0Z230,和平,2024/10/30 12:00,25.1,13,,,,
C0Z230,和平,2024/10/31 12:00,25.5,133.5,,,,
C0Z230,和平,2024/11/1 12:00,25.6,17.5,,,,
C0Z230,和平,2024/11/2 12:00,23.1,0,,,,
C0Z230,和平,2024/11/3 12:00,23,0,,,,
C0Z230,和平,2024/11/4 12:00,23.9,0,,,,
C0Z230,和平,2024/11/5 12:00,22.4,2,,,,
C0Z230,和平,2024/11/6 12:00,21.5,0,,,,
C0Z230,和平,2024/11/7 12:00,20.8,3.5,,,,
C0Z230,和平,2024/11/8 12:00,22.6,1.5,,,,
C0Z230,和平,2024/11/9 12:00,24.1,19,,,,
C0Z230,和平,2024/11/10 12:00,23.7,0,,,,
C0Z230,和平,2024/11/11 12:00,24.3,0,,,,
C0Z230,和平,2024/11/12 12:00,23.4,109.5,,,,
C0Z230,和平,2024/11/13 12:00,24.2,9.5,,,,
C0Z230,和平,2024/11/14 12:00,25.1,1,,,,
C0Z230,和平,2024/11/15 12:00,25.3,3,,,,
C0Z230,和平,2024/11/16 12:00,24.4,0,,,,
C0Z230,和平,2024/11/17 12:00,23.7,0,,,,
C0Z230,和平,2024/11/18 12:00,20.9,1,,,,
C0Z230,和平,2024/11/19 12:00,20.5,2.5,,,,
C0Z230,和平,2024/11/20 12:00,21.6,0.5,,,,
C0Z230,和平,2024/11/21 12:00,21.5,0,,,,
C0Z230,和平,2024/11/22 12:00,21.3,0,,,,
C0Z230,和平,2024/11/23 12:00,20.4,0,,,,
C0Z230,和平,2024/11/24 12:00,20.7,2.5,,,,
C0Z230,和平,2024/11/25 12:00,22.3,1,,,,
C0Z230,和平,2024/11/26 12:00,19.6,0,,,,
C0Z230,和平,2024/11/27 12:00,17.6,0,,,,
C0Z230,和平,2024/11/28 12:00,17.6,0,,,,
C0Z230,和平,2024/11/29 12:00,17.3,0,,,,
C0Z230,和平,2024/11/30 12:00,17.7,0,,,,
C0Z230,和平,2024/12/1 12:00,19.9,0,,,,
C0Z230,和平,2024/12/2 12:00,21.2,0,,,,
C0Z230,和平,2024/12/3 12:00,20.1,2.5,,,,
C0Z230,和平,2024/12/4 12:00,19.4,3,,,,
C0Z230,和平,2024/12/5 12:00,19.9,0,,,,
C0Z230,和平,2024/12/6 12:00,20.5,0,,,,
C0Z230,和平,2024/12/7 12:00,21.3,0,,,,
C0Z230,和平,2024/12/8 12:00,18.7,0,,,,
C0Z230,和平,2024/12/9 12:00,18.5,0,,,,
C0Z230,和平,2024/12/10 12:00,19.2,0.5,,,,
C0Z230,和平,2024/12/11 12:00,20.5,0,,,,
C0Z230,和平,2024/12/12 12:00,19.4,0,,,,
C0Z230,和平,2024/12/13 12:00,19.4,0,,,,
C0Z230,和平,2024/12/14 12:00,15.6,0,,,,
C0Z230,和平,2024/12/15 12:00,14.9,0,,,,
C0Z230,和平,2024/12/16 12:00,14.8,0,,,,
C0Z230,和平,2024/12/17 12:00,17.9,0,,,,
C0Z230,和平,2024/12/18 12:00,16.7,0,,,,
C0Z230,和平,2024/12/19 12:00,14.4,0,,,,
C0Z230,和平,2024/12/20 12:00,17.6,0,,,,
C0Z230,和平,2024/12/21 12:00,17.6,0,,,,
C0Z230,和平,2024/12/22 12:00,15.3,0,,,,
C0Z230,和平,2024/12/23 12:00,16.5,6,,,,
C0Z230,和平,2024/12/24 12:00,17.3,12,,,,
C0Z230,和平,2024/12/25 12:00,20.1,0.5,,,,
C0Z230,和平,2024/12/26 12:00,19.6,0,,,,
C0Z230,和平,2024/12/27 12:00,18.8,0,,,,
C0Z230,和平,2024/12/28 12:00,15.1,0,,,,
C0Z230,和平,2024/12/29 12:00,15.3,0,,,,
C0Z230,和平,2024/12/30 12:00,17.8,0,,,,
C0Z230,和平,2024/12/31 12:00,17.4,0,,,,
C0Z230,和平,2025/1/1 12:00,17,0.5,,,,
C0Z230,和平,2025/1/2 12:00,18.2,0.5,,,,
C0Z230,和平,2025/1/3 12:00,17.6,0,,,,
C0Z230,和平,2025/1/4 12:00,17.3,2,,,,
C0Z230,和平,2025/1/5 12:00,18.9,3.5,,,,
C0Z230,和平,2025/1/6 12:00,17.2,0,,,,
C0Z230,和平,2025/1/7 12:00,16.3,0,,,,
C0Z230,和平,2025/1/8 12:00,16.9,0,,,,
C0Z230,和平,2025/1/9 12:00,16.2,0,,,,
C0Z230,和平,2025/1/10 12:00,14.1,0,,,,
C0Z230,和平,2025/1/11 12:00,14.2,0,,,,
C0Z230,和平,2025/1/12 12:00,14.8,0,,,,
C0Z230,和平,2025/1/13 12:00,15.3,0,,,,
C0Z230,和平,2025/1/14 12:00,17.2,0,,,,
C0Z230,和平,2025/1/15 12:00,16,1,,,,
C0Z230,和平,2025/1/16 12:00,14,0,,,,
C0Z230,和平,2025/1/17 12:00,14.2,0,,,,
C0Z230,和平,2025/1/18 12:00,16,0,,,,
C0Z230,和平,2025/1/19 12:00,16.5,0,,,,
C0Z230,和平,2025/1/20 12:00,15.7,0,,,,
C0Z230,和平,2025/1/21 12:00,17.8,0,,,,
C0Z230,和平,2025/1/22 12:00,18.4,0,,,,
C0Z230,和平,2025/1/23 12:00,19.4,0,,,,
C0Z230,和平,2025/1/24 12:00,19.5,0,,,,
C0Z230,和平,2025/1/25 12:00,18.9,0,,,,
C0Z230,和平,2025/1/26 12:00,18.4,0,,,,
C0Z230,和平,2025/1/27 12:00,13.7,0,,,,
C0Z230,和平,2025/1/28 12:00,12.5,0,,,,
C0Z230,和平,2025/1/29 12:00,13.5,0,,,,
C0Z230,和平,2025/1/30 12:00,15.5,0,,,,
C0Z230,和平,2025/1/31 12:00,16.8,2,,,,
C0Z230,和平,2025/2/1 12:00,19.2,2,,,,
C0Z230,和平,2025/2/2 12:00,18.3,0,,,,
C0Z230,和平,2025/2/3 12:00,16.4,0,,,,
C0Z230,和平,2025/2/4 12:00,13.6,0,,,,
C0Z230,和平,2025/2/5 12:00,13.1,0,,,,
C0Z230,和平,2025/2/6 12:00,14,30,,,,
C0Z230,和平,2025/2/7 12:00,15.3,0.5,,,,
C0Z230,和平,2025/2/8 12:00,11.5,0,,,,
C0Z230,和平,2025/2/9 12:00,13,0,,,,
C0Z230,和平,2025/2/10 12:00,14.9,0,,,,
C0Z230,和平,2025/2/11 12:00,18.3,0,,,,
C0Z230,和平,2025/2/12 12:00,19.2,13.5,,,,
C0Z230,和平,2025/2/13 12:00,16.4,9.5,,,,
C0Z230,和平,2025/2/14 12:00,17.7,0,,,,
C0Z230,和平,2025/2/15 12:00,20,0.5,,,,
C0Z230,和平,2025/2/16 12:00,19.4,0,,,,
C0Z230,和平,2025/2/17 12:00,17.7,0,,,,
C0Z230,和平,2025/2/18 12:00,16.7,0,,,,
C0Z230,和平,2025/2/19 12:00,15.5,9,,,,
C0Z230,和平,2025/2/20 12:00,18,2,,,,
C0Z230,和平,2025/2/21 12:00,17.8,0,,,,
C0Z230,和平,2025/2/22 12:00,16.9,2,,,,
C0Z230,和平,2025/2/23 12:00,17.3,0,,,,
C0Z230,和平,2025/2/24 12:00,15.2,0,,,,
C0Z230,和平,2025/2/25 12:00,16.1,0,,,,
C0Z230,和平,2025/2/26 12:00,19,0,,,,
C0Z230,和平,2025/2/27 12:00,20.6,0,,,,
C0Z230,和平,2025/2/28 12:00,21.6,0,,,,
C0Z230,和平,2025/3/1 12:00,21.8,0,,,,
C0Z230,和平,2025/3/2 12:00,23.1,0,,,,
C0Z230,和平,2025/3/3 12:00,23.7,4.5,,,,
C0Z230,和平,2025/3/4 12:00,21.3,19.5,,,,
C0Z230,和平,2025/3/5 12:00,19.3,4.5,,,,
C0Z230,和平,2025/3/6 12:00,17.4,0.5,,,,
C0Z230,和平,2025/3/7 12:00,16.6,0,,,,
C0Z230,和平,2025/3/8 12:00,17.9,0,,,,
C0Z230,和平,2025/3/9 12:00,19.1,0,,,,
C0Z230,和平,2025/3/10 12:00,20.8,0.5,,,,
C0Z230,和平,2025/3/11 12:00,22.2,0,,,,
C0Z230,和平,2025/3/12 12:00,22.8,0,,,,
C0Z230,和平,2025/3/13 12:00,22.5,1,,,,
C0Z230,和平,2025/3/14 12:00,21.2,1.5,,,,
C0Z230,和平,2025/3/15 12:00,20.4,5.5,,,,
C0Z230,和平,2025/3/16 12:00,16,1.5,,,,
C0Z230,和平,2025/3/17 12:00,13.8,0,,,,
C0Z230,和平,2025/3/18 12:00,13.5,4.5,,,,
C0Z230,和平,2025/3/19 12:00,14.1,0,,,,
C0Z230,和平,2025/3/20 12:00,15.6,0,,,,
C0Z230,和平,2025/3/21 12:00,16.5,0,,,,
C0Z230,和平,2025/3/22 12:00,17.9,0,,,,
C0Z230,和平,2025/3/23 12:00,19.6,0,,,,
C0Z230,和平,2025/3/24 12:00,20.9,0,,,,
C0Z230,和平,2025/3/25 12:00,22,0,,,,
C0Z230,和平,2025/3/26 12:00,23.7,0,,,,
C0Z230,和平,2025/3/27 12:00,24.5,0,,,,
C0Z230,和平,2025/3/28 12:00,20,0,,,,
C0Z230,和平,2025/3/29 12:00,17.5,0,,,,
C0Z230,和平,2025/3/30 12:00,17.7,0,,,,
C0Z230,和平,2025/3/31 12:00,18.3,3,,,,
C0Z230,和平,2025/4/1 12:00,17.6,1.5,,,,
C0Z230,和平,2025/4/2 12:00,17.3,0,,,,
C0Z230,和平,2025/4/3 12:00,18.9,0,,,,
C0Z230,和平,2025/4/4 12:00,20.1,0,,,,
C0Z230,和平,2025/4/5 12:00,19.3,1,,,,
C0Z230,和平,2025/4/6 12:00,20.2,0,,,,
C0Z230,和平,2025/4/7 12:00,20.5,0,,,,
C0Z230,和平,2025/4/8 12:00,22.3,0,,,,
C0Z230,和平,2025/4/9 12:00,22.7,2.5,,,,
C0Z230,和平,2025/4/10 12:00,22.5,0.5,,,,
C0Z230,和平,2025/4/11 12:00,23,0,,,,
C0Z230,和平,2025/4/12 12:00,24.5,0.5,,,,
C0Z230,和平,2025/4/13 12:00,17.8,13,,,,
C0Z230,和平,2025/4/14 12:00,20.6,0,,,,
C0Z230,和平,2025/4/15 12:00,21.5,0,,,,
C0Z230,和平,2025/4/16 12:00,22.1,2,,,,
C0Z230,和平,2025/4/17 12:00,23.4,0,,,,
C0Z230,和平,2025/4/18 12:00,24.8,0,,,,
C0Z230,和平,2025/4/19 12:00,24.9,0,,,,
C0Z230,和平,2025/4/20 12:00,24.8,0,,,,
C0Z230,和平,2025/4/21 12:00,24.2,0,,,,
C0Z230,和平,2025/4/22 12:00,25.6,0,,,,
C0Z230,和平,2025/4/23 12:00,24.9,0,,,,
C0Z230,和平,2025/4/24 12:00,21.9,7,,,,
C0Z230,和平,2025/4/25 12:00,22.4,1.5,,,,
C0Z230,和平,2025/4/26 12:00,21.4,3,,,,
C0Z230,和平,2025/4/27 12:00,23.5,0,,,,
C0Z230,和平,2025/4/28 12:00,23.6,0.5,,,,
C0Z230,和平,2025/4/29 12:00,22.3,0,,,,
C0Z230,和平,2025/4/30 12:00,23,0,,,,
C0Z230,和平,2025/5/1 12:00,23.7,0,,,,
C0Z230,和平,2025/5/2 12:00,23,0,,,,
C0Z230,和平,2025/5/3 12:00,23.7,0,,,,
C0Z230,和平,2025/5/4 12:00,23.9,27,,,,
C0Z230,和平,2025/5/5 12:00,24.4,0,,,,
C0Z230,和平,2025/5/6 12:00,25,1.5,,,,
C0Z230,和平,2025/5/7 12:00,20.5,39.5,,,,
C0Z230,和平,2025/5/8 12:00,23.2,0,,,,
C0Z230,和平,2025/5/9 12:00,25.1,102.5,,,,
C0Z230,和平,2025/5/10 12:00,24.3,5,,,,
C0Z230,和平,2025/5/11 12:00,20.7,10,,,,
C0Z230,和平,2025/5/12 12:00,20.6,0,,,,
C0Z230,和平,2025/5/13 12:00,23.8,0,,,,
C0Z230,和平,2025/5/14 12:00,24.9,10,,,,
C0Z230,和平,2025/5/15 12:00,25.3,0.5,,,,
C0Z230,和平,2025/5/16 12:00,25.9,1,,,,
C0Z230,和平,2025/5/17 12:00,26.5,1,,,,
C0Z230,和平,2025/5/18 12:00,25.7,69.5,,,,
C0Z230,和平,2025/5/19 12:00,26.4,0,,,,
C0Z230,和平,2025/5/20 12:00,26.5,32,,,,
C0Z230,和平,2025/5/21 12:00,27,3.5,,,,
C0Z230,和平,2025/5/22 12:00,27.4,0,,,,
C0Z230,和平,2025/5/23 12:00,27.4,0,,,,
C0Z230,和平,2025/5/24 12:00,24.8,5,,,,
C0Z230,和平,2025/5/25 12:00,21.4,0,,,,
C0Z230,和平,2025/5/26 12:00,21.4,0,,,,
C0Z230,和平,2025/5/27 12:00,23.3,0,,,,
C0Z230,和平,2025/5/28 12:00,23.3,22.5,,,,
C0Z230,和平,2025/5/29 12:00,23.5,8,,,,
C0Z230,和平,2025/5/30 12:00,23.2,0,,,,
C0Z230,和平,2025/5/31 12:00,25.3,0,,,,
C0Z230,和平,2025/6/1 12:00,26.9,0,,,,
C0Z230,和平,2025/6/2 12:00,27.6,0,,,,
C0Z230,和平,2025/6/3 12:00,26.1,0,,,,
C0Z230,和平,2025/6/4 12:00,24.2,23.5,,,,
C0Z230,和平,2025/6/5 12:00,25.1,0,,,,
C0Z230,和平,2025/6/6 12:00,26.1,3.5,,,,
C0Z230,和平,2025/6/7 12:00,27.1,16.5,,,,
C0Z230,和平,2025/6/8 12:00,27.1,43.5,,,,
C0Z230,和平,2025/6/9 12:00,27.2,1,,,,
C0Z230,和平,2025/6/10 12:00,27.5,0,,,,
C0Z230,和平,2025/6/11 12:00,27.7,0,,,,
C0Z230,和平,2025/6/12 12:00,24.7,101.5,,,,
C0Z230,和平,2025/6/13 12:00,25.1,9,,,,
C0Z230,和平,2025/6/14 12:00,26.6,0,,,,
C0Z230,和平,2025/6/15 12:00,27.6,0,,,,
C0Z230,和平,2025/6/16 12:00,27.5,0,,,,
C0Z230,和平,2025/6/17 12:00,27,33.5,,,,
C0Z230,和平,2025/6/18 12:00,26.7,1.5,,,,
C0Z230,和平,2025/6/19 12:00,27.4,0,,,,
C0Z230,和平,2025/6/20 12:00,27.8,0,,,,
C0Z230,和平,2025/6/21 12:00,27.7,0,,,,
C0Z230,和平,2025/6/22 12:00,27.7,0,,,,
C0Z230,和平,2025/6/23 12:00,28.1,0,,,,
C0Z230,和平,2025/6/24 12:00,28.4,0,,,,
C0Z230,和平,2025/6/25 12:00,28.3,0.5,,,,
C0Z230,和平,2025/6/26 12:00,28.3,0,,,,
C0Z230,和平,2025/6/27 12:00,28.4,0,,,,
C0Z230,和平,2025/6/28 12:00,28.2,0,,,,
C0Z230,和平,2025/6/29 12:00,27.8,0,,,,
C0Z230,和平,2025/6/30 12:00,28.7,0,,,,
C0Z230,和平,2025/7/1 12:00,29,0,,,,
C0Z230,和平,2025/7/2 12:00,28.9,0,,,,
C0Z230,和平,2025/7/3 12:00,28.7,0,,,,
C0Z230,和平,2025/7/4 12:00,28.5,0,,,,
C0Z230,和平,2025/7/5 12:00,28.5,0,,,,
C0Z230,和平,2025/7/6 12:00,25.7,23.5,,,,
C0Z230,和平,2025/7/7 12:00,25.9,3,,,,
C0Z230,和平,2025/7/8 12:00,27.3,0,,,,
C0Z230,和平,2025/7/9 12:00,26.7,0,,,,
C0Z230,和平,2025/7/10 12:00,25.2,2,,,,
C0Z230,和平,2025/7/11 12:00,26.3,0,,,,
C0Z230,和平,2025/7/12 12:00,27.5,0,,,,
C0Z230,和平,2025/7/13 12:00,27.9,0,,,,
C0Z230,和平,2025/7/14 12:00,28.7,0,,,,
C0Z230,和平,2025/7/15 12:00,28.7,0,,,,
C0Z230,和平,2025/7/16 12:00,28.5,0,,,,
C0Z230,和平,2025/7/17 12:00,28.7,0,,,,
C0Z230,和平,2025/7/18 12:00,27,39,,,,
C0Z230,和平,2025/7/19 12:00,26.3,123.5,,,,
C0Z230,和平,2025/7/20 12:00,25.3,50,,,,
C0Z230,和平,2025/7/21 12:00,25,41.5,,,,
C0Z230,和平,2025/7/22 12:00,25.9,6.5,,,,
C0Z230,和平,2025/7/23 12:00,26.6,10.5,,,,
C0Z230,和平,2025/7/24 12:00,27.8,3.5,,,,
C0Z230,和平,2025/7/25 12:00,28,0,,,,
C0Z230,和平,2025/7/26 12:00,27.8,0,,,,
C0Z230,和平,2025/7/27 12:00,27.9,0,,,,
C0Z230,和平,2025/7/28 12:00,27.1,3.5,,,,
C0Z230,和平,2025/7/29 12:00,27.6,0,,,,
C0Z230,和平,2025/7/30 12:00,28,0,,,,
C0Z230,和平,2025/7/31 12:00,27.5,6.5,,,,
C0Z230,和平,2025/8/1 12:00,28.1,0,,,,
C0Z230,和平,2025/8/2 12:00,27.3,8,,,,
C0Z230,和平,2025/8/3 12:00,27.6,0,,,,
C0Z230,和平,2025/8/4 12:00,28.2,0.5,,,,
C0Z230,和平,2025/8/5 12:00,28.2,0,,,,
C0Z230,和平,2025/8/6 12:00,27.9,0,,,,
C0Z230,和平,2025/8/7 12:00,27.6,0,,,,
C0Z230,和平,2025/8/8 12:00,27.8,0,,,,
C0Z230,和平,2025/8/9 12:00,28.4,0,,,,
C0Z230,和平,2025/8/10 12:00,28.4,0,,,,
C0Z230,和平,2025/8/11 12:00,28,0,,,,
C0Z230,和平,2025/8/12 12:00,28.2,3.5,,,,
C0Z230,和平,2025/8/13 12:00,26.6,68,,,,
C0Z230,和平,2025/8/14 12:00,27.1,0,,,,
C0Z230,和平,2025/8/15 12:00,27.5,0,,,,
C0Z230,和平,2025/8/16 12:00,27.3,0,,,,
C0Z230,和平,2025/8/17 12:00,27.5,0,,,,
C0Z230,和平,2025/8/18 12:00,27.2,7.5,,,,
C0Z230,和平,2025/8/19 12:00,27.4,0,,,,
C0Z230,和平,2025/8/20 12:00,27.4,0,,,,
C0Z230,和平,2025/8/21 12:00,27.4,0,,,,
C0Z230,和平,2025/8/22 12:00,27.8,0,,,,
C0Z230,和平,2025/8/23 12:00,28.1,0,,,,
C0Z230,和平,2025/8/24 12:00,28.2,0,,,,
C0Z230,和平,2025/8/25 12:00,28,0,,,,
C0Z230,和平,2025/8/26 12:00,27.5,0,,,,
C0Z230,和平,2025/8/27 12:00,27,0,,,,
C0Z230,和平,2025/8/28 12:00,27.3,6.5,,,,
C0Z230,和平,2025/8/29 12:00,27.8,0,,,,
C0Z230,和平,2025/8/30 12:00,28,0,,,,
C0Z230,和平,2025/8/31 12:00,27.2,0.5,,,,
C0Z230,和平,2025/9/1 12:00,27.4,0,,,,
C0Z230,和平,2025/9/2 12:00,27.7,0,,,,
C0Z230,和平,2025/9/3 12:00,27.8,0,,,,
C0Z230,和平,2025/9/4 12:00,27.7,0,,,,
C0Z230,和平,2025/9/5 12:00,28.2,0,,,,
C0Z230,和平,2025/9/6 12:00,28.5,0,,,,
C0Z230,和平,2025/9/7 12:00,28.7,0,,,,
C0Z230,和平,2025/9/8 12:00,27.8,21.5,,,,
C0Z230,和平,2025/9/9 12:00,28.2,0,,,,
C0Z230,和平,2025/9/10 12:00,28.2,0,,,,
C0Z230,和平,2025/9/11 12:00,28.1,0,,,,
C0Z230,和平,2025/9/12 12:00,28.2,0,,,,
C0Z230,和平,2025/9/13 12:00,28.3,0,,,,
C0Z230,和平,2025/9/14 12:00,28.2,6.5,,,,
C0Z230,和平,2025/9/15 12:00,28.4,0,,,,
C0Z230,和平,2025/9/16 12:00,28.2,0,,,,
C0Z230,和平,2025/9/17 12:00,27.8,10,,,,
C0Z230,和平,2025/9/18 12:00,27.6,2,,,,
C0Z230,和平,2025/9/19 12:00,27.2,0,,,,
C0Z230,和平,2025/9/20 12:00,27.6,0,,,,
C0Z230,和平,2025/9/21 12:00,27.2,31.5,,,,
C0Z230,和平,2025/9/22 12:00,26.3,75.5,,,,
C0Z230,和平,2025/9/23 12:00,26.8,116,,,,
C0Z230,和平,2025/9/24 12:00,27.3,15,,,,
C0Z230,和平,2025/9/25 12:00,26.9,0,,,,
C0Z230,和平,2025/9/26 12:00,25.6,21.5,,,,
C0Z230,和平,2025/9/27 12:00,27.1,0,,,,
C0Z230,和平,2025/9/28 12:00,27.3,0,,,,
C0Z230,和平,2025/9/29 12:00,27.5,0,,,,
C0Z230,和平,2025/9/30 12:00,26.9,0,,,,
C0Z230,和平,2025/10/1 12:00,26.9,0,,,,
C0Z230,和平,2025/10/2 12:00,26.9,0,,,,
C0Z230,和平,2025/10/3 12:00,27.3,0,,,,
C0Z230,和平,2025/10/4 12:00,27.8,0,,,,
C0Z230,和平,2025/10/5 12:00,27.5,0,,,,
C0Z230,和平,2025/10/6 12:00,27.4,0,,,,
C0Z230,和平,2025/10/7 12:00,27.8,0,,,,
C0Z230,和平,2025/10/8 12:00,27.8,0,,,,
C0Z230,和平,2025/10/9 12:00,26.9,0,,,,
C0Z230,和平,2025/10/10 12:00,27.2,0,,,,
C0Z230,和平,2025/10/11 12:00,26.8,0,,,,
C0Z230,和平,2025/10/12 12:00,26.9,0,,,,
C0Z230,和平,2025/10/13 12:00,27.4,0,,,,
C0Z230,和平,2025/10/14 12:00,27,0,,,,
C0Z230,和平,2025/10/15 12:00,26.9,0,,,,
C0Z230,和平,2025/10/16 12:00,26.8,9,,,,
C0Z230,和平,2025/10/17 12:00,27,0,,,,
C0Z230,和平,2025/10/18 12:00,26.8,8.5,,,,
C0Z230,和平,2025/10/19 12:00,24.6,18.5,,,,
C0Z230,和平,2025/10/20 12:00,24.5,74.5,,,,
C0Z230,和平,2025/10/21 12:00,25.9,5,,,,
C0Z230,和平,2025/10/22 12:00,23.7,3.5,,,,
C0Z230,和平,2025/10/23 12:00,23.6,1.5,,,,
C0Z230,和平,2025/10/24 12:00,23.6,2.5,,,,
C0Z230,和平,2025/10/25 12:00,23.4,8.5,,,,
C0Z230,和平,2025/10/26 12:00,23.7,3.5,,,,
C0Z230,和平,2025/10/27 12:00,22.8,3,,,,
C0Z230,和平,2025/10/28 12:00,21.6,10.5,,,,
C0Z230,和平,2025/10/29 12:00,22,8,,,,
C0Z230,和平,2025/10/30 12:00,24.2,0,,,,
C0Z230,和平,2025/10/31 12:00,23.9,0,,,,
C0Z230,和平,2025/11/1 12:00,21.9,0,,,,
C0Z230,和平,2025/11/2 12:00,20.3,1,,,,
C0Z230,和平,2025/11/3 12:00,20.3,3.5,,,,
C0Z230,和平,2025/11/4 12:00,22.7,0,,,,
C0Z230,和平,2025/11/5 12:00,23.9,0,,,,
C0Z230,和平,2025/11/6 12:00,23.7,0,,,,
C0Z230,和平,2025/11/7 12:00,24.9,0.5,,,,
C0Z230,和平,2025/11/8 12:00,24.5,0,,,,
C0Z230,和平,2025/11/9 12:00,24.3,1.5,,,,
C0Z230,和平,2025/11/10 12:00,22.8,70.5,,,,
C0Z230,和平,2025/11/11 12:00,23.4,152,,,,
C0Z230,和平,2025/11/12 12:00,24.7,14.5,,,,
C0Z230,和平,2025/11/13 12:00,24.9,0,,,,
C0Z230,和平,2025/11/14 12:00,22.9,0,,,,
C0Z230,和平,2025/11/15 12:00,22.6,0,,,,
C0Z230,和平,2025/11/16 12:00,23.5,0,,,,
C0Z230,和平,2025/11/17 12:00,23.1,0,,,,
C0Z230,和平,2025/11/18 12:00,20.5,0,,,,
C0Z230,和平,2025/11/19 12:00,18.4,0,,,,
C0Z230,和平,2025/11/20 12:00,18.8,0,,,,
C0Z230,和平,2025/11/21 12:00,19.8,1.5,,,,
C0Z230,和平,2025/11/22 12:00,20.2,0,,,,
C0Z230,和平,2025/11/23 12:00,22,0,,,,
C0Z230,和平,2025/11/24 12:00,22.5,3.5,,,,
C0Z230,和平,2025/11/25 12:00,20.2,0,,,,
C0Z230,和平,2025/11/26 12:00,19.1,0,,,,
C0Z230,和平,2025/11/27 12:00,19.2,0,,,,
C0Z230,和平,2025/11/28 12:00,18.1,0,,,,
C0Z230,和平,2025/11/29 12:00,20,0,,,,
C0Z230,和平,2025/11/30 12:00,21.7,0,,,,
C0Z230,和平,2025/12/1 12:00,22.7,0,,,,
C0Z230,和平,2025/12/2 12:00,22.5,0,,,,
C0Z230,和平,2025/12/3 12:00,19.8,0,,,,
C0Z230,和平,2025/12/4 12:00,17.9,0,,,,
C0Z230,和平,2025/12/5 12:00,18.5,0.5,,,,
C0Z230,和平,2025/12/6 12:00,19.3,0,,,,
C0Z230,和平,2025/12/7 12:00,19.6,0.5,,,,
C0Z230,和平,2025/12/8 12:00,20.2,0,,,,
C0Z230,和平,2025/12/9 12:00,18.6,37,,,,
C0Z230,和平,2025/12/10 12:00,21.2,0,,,,
C0Z230,和平,2025/12/11 12:00,21,0,,,,
C0Z230,和平,2025/12/12 12:00,20.9,1,,,,
C0Z230,和平,2025/12/13 12:00,21.3,0,,,,
C0Z230,和平,2025/12/14 12:00,16.2,0,,,,
C0Z230,和平,2025/12/15 12:00,17.2,0,,,,
C0Z230,和平,2025/12/16 12:00,18.9,0,,,,
C0Z230,和平,2025/12/17 12:00,20.8,0,,,,
C0Z230,和平,2025/12/18 12:00,18.8,11.5,,,,
C0Z230,和平,2025/12/19 12:00,20.3,15.5,,,,
C0Z230,和平,2025/12/20 12:00,20.1,6,,,,
C0Z230,和平,2025/12/21 12:00,19.8,0,,,,
C0Z230,和平,2025/12/22 12:00,18.9,0,,,,
C0Z230,和平,2025/12/23 12:00,20.3,0,,,,
C0Z230,和平,2025/12/24 12:00,20.4,0.5,,,,
C0Z230,和平,2025/12/25 12:00,17.6,0,,,,
C0Z230,和平,2025/12/26 12:00,14.5,1,,,,
C0Z230,和平,2025/12/27 12:00,17.2,0.5,,,,
C0Z230,和平,2025/12/28 12:00,18.5,0.5,,,,
C0Z230,和平,2025/12/29 12:00,19.1,0,,,,
C0Z230,和平,2025/12/30 12:00,20.1,0,,,,
C0Z230,和平,2025/12/31 12:00,20.8,0,,,,
C0Z230,和平,2026/1/1 12:00,18.4,0,,,,
C0Z230,和平,2026/1/2 12:00,15.1,0,,,,
C0Z230,和平,2026/1/3 12:00,14.6,0,,,,
C0Z230,和平,2026/1/4 12:00,16.7,0,,,,
C0Z230,和平,2026/1/5 12:00,17.7,0,,,,
C0Z230,和平,2026/1/6 12:00,16.1,0,,,,
C0Z230,和平,2026/1/7 12:00,13.9,0,,,,
C0Z230,和平,2026/1/8 12:00,14.1,0,,,,
C0Z230,和平,2026/1/9 12:00,13.9,0,,,,
C0Z230,和平,2026/1/10 12:00,15.5,0,,,,
C0Z230,和平,2026/1/11 12:00,15.7,0,,,,
C0Z230,和平,2026/1/12 12:00,15.9,0,,,,
C0Z230,和平,2026/1/13 12:00,17.7,0,,,,
C0Z230,和平,2026/1/14 12:00,18.6,0,,,,
C0Z230,和平,2026/1/15 12:00,19,0,,,,
C0Z230,和平,2026/1/16 12:00,18.7,0,,,,
C0Z230,和平,2026/1/17 12:00,19.3,0,,,,
C0Z230,和平,2026/1/18 12:00,19.4,0,,,,
C0Z230,和平,2026/1/19 12:00,19.8,0,,,,
C0Z230,和平,2026/1/20 12:00,17.2,0,,,,
C0Z230,和平,2026/1/21 12:00,15.6,0,,,,
C0Z230,和平,2026/1/22 12:00,15.4,0,,,,
C0Z230,和平,2026/1/23 12:00,16.5,0,,,,
C0Z230,和平,2026/1/24 12:00,16.6,13,,,,
C0Z230,和平,2026/1/25 12:00,17.3,12,,,,
C0Z230,和平,2026/1/26 12:00,20,0,,,,
C0Z230,和平,2026/1/27 12:00,18.5,0,,,,
C0Z230,和平,2026/1/28 12:00,17.3,0,,,,
C0Z230,和平,2026/1/29 12:00,16.9,1,,,,
C0Z230,和平,2026/1/30 12:00,18,1,,,,
C0Z230,和平,2026/1/31 12:00,18.7,0,,,,
C0Z230,和平,2026/2/1 12:00,17.2,0,,,,
C0Z230,和平,2026/2/2 12:00,17.2,2,,,,
C0Z230,和平,2026/2/3 12:00,16.4,0,,,,
C0Z230,和平,2026/2/4 12:00,18.1,0,,,,
C0Z230,和平,2026/2/5 12:00,19.7,0,,,,
C0Z230,和平,2026/2/6 12:00,20.4,0,,,,
C0Z230,和平,2026/2/7 12:00,17,0,,,,
C0Z230,和平,2026/2/8 12:00,12.6,0,,,,
C0Z230,和平,2026/2/9 12:00,13.5,0,,,,
C0Z230,和平,2026/2/10 12:00,17.3,0,,,,
C0Z230,和平,2026/2/11 12:00,18.3,0,,,,
C0Z230,和平,2026/2/12 12:00,18,0,,,,
C0Z230,和平,2026/2/13 12:00,19.5,0,,,,
C0Z230,和平,2026/2/14 12:00,21.2,0,,,,
C0Z230,和平,2026/2/15 12:00,21.8,0,,,,
C0Z230,和平,2026/2/16 12:00,21.3,3.5,,,,
C0Z230,和平,2026/2/17 12:00,18,0,,,,
C0Z230,和平,2026/2/18 12:00,16.6,0,,,,
C0Z230,和平,2026/2/19 12:00,17.2,0,,,,
C0Z230,和平,2026/2/20 12:00,18.7,0,,,,
C0Z230,和平,2026/2/21 12:00,20.2,0,,,,
C0Z230,和平,2026/2/22 12:00,20.7,8,,,,
C0Z230,和平,2026/2/23 12:00,21.1,2,,,,
C0Z230,和平,2026/2/24 12:00,22.2,0,,,,
C0Z230,和平,2026/2/25 12:00,19.6,0,,,,
C0Z230,和平,2026/2/26 12:00,20.7,3,,,,
C0Z230,和平,2026/2/27 12:00,21.4,3.5,,,,
C0Z230,和平,2026/2/28 12:00,19.5,1.5,,,,
C0Z230,和平,2026/3/1 12:00,21.4,2,,,,
C0Z230,和平,2026/3/2 12:00,23,0,,,,
C0Z230,和平,2026/3/3 12:00,17.9,0,,,,
C0Z230,和平,2026/3/4 12:00,18.5,0,,,,
C0Z230,和平,2026/3/5 12:00,19.7,29.5,,,,
C0Z230,和平,2026/3/6 12:00,18.8,3.5,,,,
C0Z230,和平,2026/3/7 12:00,17.2,0,,,,
C0Z230,和平,2026/3/8 12:00,17.7,0.5,,,,
C0Z230,和平,2026/3/9 12:00,17.7,0.5,,,,
C0Z230,和平,2026/3/10 12:00,16.4,0,,,,
C0Z230,和平,2026/3/11 12:00,16.9,0,,,,
C0Z230,和平,2026/3/12 12:00,17.4,0,,,,
C0Z230,和平,2026/3/13 12:00,15.6,0,,,,
C0Z230,和平,2026/3/14 12:00,17.2,0,,,,
C0Z230,和平,2026/3/15 12:00,19.3,1.5,,,,
C0Z230,和平,2026/3/16 12:00,19.8,0,,,,
C0Z230,和平,2026/3/17 12:00,21,0,,,,
C0Z230,和平,2026/3/18 12:00,21.4,0,,,,
C0Z230,和平,2026/3/19 12:00,20.5,0,,,,
C0Z230,和平,2026/3/20 12:00,21,0,,,,
C0Z230,和平,2026/3/21 12:00,21.2,0,,,,
C0Z230,和平,2026/3/22 12:00,21.6,0,,,,
C0Z230,和平,2026/3/23 12:00,22.3,0.5,,,,
C0Z230,和平,2026/3/24 12:00,22.4,4.5,,,,
C0Z230,和平,2026/3/25 12:00,20.9,0,,,,
C0Z230,和平,2026/3/26 12:00,19.7,0,,,,
C0Z230,和平,2026/3/27 12:00,20.9,0,,,,
C0Z230,和平,2026/3/28 12:00,21.9,0,,,,
C0Z230,和平,2026/3/29 12:00,22.5,3,,,,
C0Z230,和平,2026/3/30 12:00,24,1,,,,
C0Z230,和平,2026/3/31 12:00,24.1,0,,,,
C0Z230,和平,2026/4/1 12:00,22,0,,,,
C0Z230,和平,2026/4/2 12:00,21.3,0,,,,
C0Z230,和平,2026/4/3 12:00,21.1,1,,,,
C0Z230,和平,2026/4/4 12:00,21.2,7.5,,,,
C0Z230,和平,2026/4/5 12:00,22,0.5,,,,
C0Z230,和平,2026/4/6 12:00,23.3,8.5,,,,
C0Z230,和平,2026/4/7 12:00,22.3,0,,,,
C0Z230,和平,2026/4/8 12:00,22,0.5,,,,
C0Z230,和平,2026/4/9 12:00,24,0,,,,
C0Z230,和平,2026/4/10 12:00,24.2,0,,,,
C0Z230,和平,2026/4/11 12:00,24.8,0,,,,
C0Z230,和平,2026/4/12 12:00,25.4,0,,,,
C0Z230,和平,2026/4/13 12:00,25.7,0,,,,
C0Z230,和平,2026/4/14 12:00,25.4,0,,,,
C0Z230,和平,2026/4/15 12:00,25.6,0,,,,
C0Z230,和平,2026/4/16 12:00,24.7,0,,,,
C0Z230,和平,2026/4/17 12:00,24.1,2.5,,,,
C0Z230,和平,2026/4/18 12:00,23.2,0,,,,
C0Z230,和平,2026/4/19 12:00,22.5,0,,,,
C0Z230,和平,2026/4/20 12:00,24.7,0,,,,
C0Z230,和平,2026/4/21 12:00,23.3,4.5,,,,
C0Z230,和平,2026/4/22 12:00,24.4,0,,,,
C0Z230,和平,2026/4/23 12:00,24.2,0,,,,
C0Z230,和平,2026/4/24 12:00,20.9,3,,,,
C0Z230,和平,2026/4/25 12:00,19.5,1,,,,
C0Z230,和平,2026/4/26 12:00,21.7,0,,,,
C0Z230,和平,2026/4/27 12:00,23.6,0,,,,
C0Z230,和平,2026/4/28 12:00,23.7,0,,,,
C0Z230,和平,2026/4/29 12:00,24.8,0,,,,
C0Z230,和平,2026/4/30 12:00,21.4,0,,,,
C0Z230,和平,2026/5/1 12:00,,,,,,
C0Z230,和平,2026/5/2 12:00,24.6,0,,,,
C0Z230,和平,2026/5/3 12:00,25.5,0,,,,
C0Z230,和平,2026/5/4 12:00,21.4,0.5,,,,
C0Z230,和平,2026/5/5 12:00,20.2,9,,,,
C0Z230,和平,2026/5/6 12:00,23.4,0.5,,,,
C0Z230,和平,2026/5/7 12:00,24.9,0,,,,
C0Z230,和平,2026/5/8 12:00,24.2,7,,,,
C0Z230,和平,2026/5/9 12:00,22.5,0,,,,
C0Z230,和平,2026/5/10 12:00,23.8,0,,,,
C0Z230,和平,2026/5/11 12:00,24.7,5,,,,
C0Z230,和平,2026/5/12 12:00,24.2,0.5,,,,
C0Z230,和平,2026/5/13 12:00,24.3,0.5,,,,
C0Z230,和平,2026/5/14 12:00,23.6,0.5,,,,
C0Z230,和平,2026/5/15 12:00,22.5,25,,,,
C0Z230,和平,2026/5/16 12:00,23,3,,,,
C0Z230,和平,2026/5/17 12:00,23.5,0,,,,
C0Z230,和平,2026/5/18 12:00,23.5,0,,,,
C0Z230,和平,2026/5/19 12:00,24.9,0,,,,
C0Z230,和平,2026/5/20 12:00,25.7,0,,,,
C0Z230,和平,2026/5/21 12:00,26.9,0,,,,
C0Z230,和平,2026/5/22 12:00,27.1,0,,,,
C0Z230,和平,2026/5/23 12:00,26.9,0,,,,
C0Z230,和平,2026/5/24 12:00,27.9,0,,,,
C0Z230,和平,2026/5/25 12:00,27.5,0,,,,
C0Z230,和平,2026/5/26 12:00,27.5,0,,,,
C0Z230,和平,2026/5/27 12:00,29,0,,,,
C0Z230,和平,2026/5/28 12:00,28.6,0,,,,
C0Z230,和平,2026/5/29 12:00,27.1,0.5,,,,
C0Z230,和平,2026/5/30 12:00,26.1,0,,,,
C0Z230,和平,2026/5/31 12:00,25.4,0,,,,
C0Z230,和平,2026/6/1 12:00,27.3,0,,,,
C0Z230,和平,2026/6/2 12:00,27.8,0,,,,
C0Z230,和平,2026/6/3 12:00,28.2,9,,,,
C0Z230,和平,2026/6/4 12:00,28,0,,,,
C0Z230,和平,2026/6/5 12:00,26.1,24,,,,
C0Z230,和平,2026/6/6 12:00,27.7,0.5,,,,
C0Z230,和平,2026/6/7 12:00,26.7,56.5,,,,
C0Z230,和平,2026/6/8 12:00,26.8,9,,,,
C0Z230,和平,2026/6/9 12:00,25.3,32,,,,
C0Z230,和平,2026/6/10 12:00,24.2,16.5,,,,
C0Z230,和平,2026/6/11 12:00,23.4,4.5,,,,
C0Z230,和平,2026/6/12 12:00,24.4,12.5,,,,
C0Z230,和平,2026/6/13 12:00,25.4,0,,,,
C0Z230,和平,2026/6/14 12:00,25.3,6,,,,
C0Z230,和平,2026/6/15 12:00,25.6,4,,,,
C0Z230,和平,2026/6/16 12:00,26.7,0,,,,
C0Z230,和平,2026/6/17 12:00,27,0,,,,
C0Z230,和平,2026/6/18 12:00,27.6,1,,,,
C0Z230,和平,2026/6/19 12:00,27.6,0,,,,
C0Z230,和平,2026/6/20 12:00,28,0,,,,
C0Z230,和平,2026/6/21 12:00,27.9,0,,,,
C0Z230,和平,2026/6/22 12:00,27.5,0,,,,
C0Z230,和平,2026/6/23 12:00,27.6,0,,,,
C0Z230,和平,2026/6/24 12:00,27.7,0,,,,
C0Z230,和平,2026/6/25 12:00,27.1,10.5,,,,
C0Z230,和平,2026/6/26 12:00,25.5,10,,,,
C0Z230,和平,2026/6/27 12:00,26.1,43.5,,,,
C0Z230,和平,2026/6/28 12:00,26.8,0.5,,,,
C0Z230,和平,2026/6/29 12:00,28.1,0,,,,
C0Z230,和平,2026/6/30 12:00,28,0,,,,
C0Z230,和平,2026/7/1 12:00,28.3,0,,,,
C0Z230,和平,2026/7/2 12:00,28.3,1.5,,,,
C0Z230,和平,2026/7/3 12:00,28.2,0,,,,
C0Z230,和平,2026/7/4 12:00,28.1,0,,,,
C0Z230,和平,2026/7/5 12:00,28,0,,,,
C0Z230,和平,2026/7/6 12:00,28.1,0,,,,
C0Z230,和平,2026/7/7 12:00,28.2,0,,,,
C0Z230,和平,2026/7/8 12:00,28.4,0,,,,
C0Z230,和平,2026/7/9 12:00,28.5,0,,,,
C0Z230,和平,2026/7/10 12:00,30.1,0.5,,,,
C0Z230,和平,2026/7/11 12:00,27,9,,,,
C0Z230,和平,2026/7/12 12:00,27.9,3,,,,
C0Z230,和平,2026/7/13 12:00,28.1,0,,,,
C0Z230,和平,2026/7/14 12:00,28.5,0,,,,
C0Z230,和平,2026/7/15 12:00,28.6,0,,,,
C0Z230,和平,2026/7/16 12:00,28.7,0,,,,
C0Z230,和平,2026/7/17 12:00,28.9,0,,,,
C0Z230,和平,2026/7/18 12:00,29.1,0,,,,
C0Z230,和平,2026/7/19 12:00,28.9,0,,,,
C0Z230,和平,2026/7/20 12:00,28.6,0,,,,
C0Z230,和平,2026/7/21 12:00,28.8,0,,,,
C0Z230,和平,2026/7/22 12:00,28.4,3.5,,,,
C0Z230,和平,2026/7/23 12:00,28.6,0,,,,
C0Z230,和平,2026/7/24 12:00,29.2,1.5,,,,
C0Z230,和平,2026/7/25 12:00,28.4,3,,,,
C0Z230,和平,2026/7/26 12:00,28.5,0,,,,
C0Z230,和平,2026/7/27 12:00,28.3,0,,,,
C0Z230,和平,2026/7/28 12:00,28.5,0,,,,
C0Z230,和平,2026/7/29 12:00,28.5,0,,,,
C0Z230,和平,2026/7/30 12:00,28.2,0,,,,
C0Z230,和平,2026/7/31 12:00,28,0,,,,
C0Z230,和平,2026/8/1,28.5,0
C0Z230,和平,2026/8/2,28.7,0
C0Z230,和平,2026/8/3,28.5,0
C0Z230,和平,2026/8/4,28.3,0
C0Z230,和平,2026/8/5,28.7,0
C0Z230,和平,2026/8/6,29.2,0
C0Z230,和平,2026/8/7,29.4,0
C0Z230,和平,2026/8/8,30.6,0
C0Z230,和平,2026/8/9,25.8,17.5
C0Z230,和平,2026/8/10,28.6,0
C0Z230,和平,2026/8/11,28.7,0
C0Z230,和平,2026/8/12,29,0
C0Z230,和平,2026/8/13,28.9,0
C0Z230,和平,2026/8/14,29,0
C0Z230,和平,2026/8/15,28.9,0
C0Z230,和平,2026/8/16,28.8,0
C0Z230,和平,2026/8/17,28.6,9
C0Z230,和平,2026/8/18,27.7,6.5
C0Z230,和平,2026/8/19,27.7,13.5
C0Z230,和平,2026/8/20,26.5,32
C0Z230,和平,2026/8/21,26.5,29
C0Z230,和平,2026/8/22,27.7,0
C0Z230,和平,2026/8/23,26.5,20.5
C0Z230,和平,2026/8/24,25.8,100
C0Z230,和平,2026/8/25,25.5,8.5
C0Z230,和平,2026/8/26,26.5,10
