station_id,station_name,datetime,temperature,rainfall,
C0Z310,清水斷崖,2020/1/1 12:00,17.3,0.5,
C0Z311,清水斷崖,2020/1/2 12:00,18.5,0,
C0Z312,清水斷崖,2020/1/3 12:00,19.5,0,
C0Z313,清水斷崖,2020/1/4 12:00,19.8,1,
C0Z314,清水斷崖,2020/1/5 12:00,20.1,0.5,
C0Z315,清水斷崖,2020/1/6 12:00,20.6,22,
C0Z316,清水斷崖,2020/1/7 12:00,22,0,
C0Z317,清水斷崖,2020/1/8 12:00,19.3,0,
C0Z318,清水斷崖,2020/1/9 12:00,18.2,0,
C0Z319,清水斷崖,2020/1/10 12:00,19,2.5,
C0Z320,清水斷崖,2020/1/11 12:00,20.1,1.5,
C0Z321,清水斷崖,2020/1/12 12:00,16.9,0.5,
C0Z322,清水斷崖,2020/1/13 12:00,16.9,3,
C0Z323,清水斷崖,2020/1/14 12:00,19,0,
C0Z324,清水斷崖,2020/1/15 12:00,18.9,0,
C0Z325,清水斷崖,2020/1/16 12:00,20,0,
C0Z326,清水斷崖,2020/1/17 12:00,18.2,0.5,
C0Z327,清水斷崖,2020/1/18 12:00,16.1,0,
C0Z328,清水斷崖,2020/1/19 12:00,17.2,0,
C0Z329,清水斷崖,2020/1/20 12:00,17.3,0,
C0Z330,清水斷崖,2020/1/21 12:00,17.8,0,
C0Z331,清水斷崖,2020/1/22 12:00,21.2,0,
C0Z332,清水斷崖,2020/1/23 12:00,22.1,0.5,
C0Z333,清水斷崖,2020/1/24 12:00,22.7,0,
C0Z334,清水斷崖,2020/1/25 12:00,22,14,
C0Z335,清水斷崖,2020/1/26 12:00,20.1,11.5,
C0Z336,清水斷崖,2020/1/27 12:00,18.1,0.5,
C0Z337,清水斷崖,2020/1/28 12:00,15.9,0,
C0Z338,清水斷崖,2020/1/29 12:00,14.6,0,
C0Z339,清水斷崖,2020/1/30 12:00,13.3,0,
C0Z340,清水斷崖,2020/1/31 12:00,13.3,0,
C0Z341,清水斷崖,2020/2/1 12:00,14.7,0,
C0Z342,清水斷崖,2020/2/2 12:00,16.5,0,
C0Z343,清水斷崖,2020/2/3 12:00,18.7,2,
C0Z344,清水斷崖,2020/2/4 12:00,18.2,3.5,
C0Z345,清水斷崖,2020/2/5 12:00,17.4,0.5,
C0Z346,清水斷崖,2020/2/6 12:00,18.5,0,
C0Z347,清水斷崖,2020/2/7 12:00,19.6,0,
C0Z348,清水斷崖,2020/2/8 12:00,17.7,0,
C0Z349,清水斷崖,2020/2/9 12:00,16.6,0,
C0Z350,清水斷崖,2020/2/10 12:00,16.6,0,
C0Z351,清水斷崖,2020/2/11 12:00,19.5,0,
C0Z352,清水斷崖,2020/2/12 12:00,21.8,15,
C0Z353,清水斷崖,2020/2/13 12:00,21.9,0.5,
C0Z354,清水斷崖,2020/2/14 12:00,22.9,0,
C0Z355,清水斷崖,2020/2/15 12:00,23.1,0.5,
C0Z356,清水斷崖,2020/2/16 12:00,17.3,0.5,
C0Z357,清水斷崖,2020/2/17 12:00,12.9,0,
C0Z358,清水斷崖,2020/2/18 12:00,13.7,0,
C0Z359,清水斷崖,2020/2/19 12:00,16.5,0,
C0Z360,清水斷崖,2020/2/20 12:00,17.5,9,
C0Z361,清水斷崖,2020/2/21 12:00,19.4,0,
C0Z362,清水斷崖,2020/2/22 12:00,19.5,5.5,
C0Z363,清水斷崖,2020/2/23 12:00,17.9,8.5,
C0Z364,清水斷崖,2020/2/24 12:00,19.5,0,
C0Z365,清水斷崖,2020/2/25 12:00,22.5,0,
C0Z366,清水斷崖,2020/2/26 12:00,22.1,0.5,
C0Z367,清水斷崖,2020/2/27 12:00,20.3,0,
C0Z368,清水斷崖,2020/2/28 12:00,21.3,24,
C0Z369,清水斷崖,2020/2/29 12:00,21,1,
C0Z370,清水斷崖,2020/3/1 12:00,21.7,0,
C0Z371,清水斷崖,2020/3/2 12:00,18.7,0.5,
C0Z372,清水斷崖,2020/3/3 12:00,19.4,0,
C0Z373,清水斷崖,2020/3/4 12:00,19.8,0.5,
C0Z374,清水斷崖,2020/3/5 12:00,16.9,3.5,
C0Z375,清水斷崖,2020/3/6 12:00,18.6,0.5,
C0Z376,清水斷崖,2020/3/7 12:00,21.9,0,
C0Z377,清水斷崖,2020/3/8 12:00,21.5,15.5,
C0Z378,清水斷崖,2020/3/9 12:00,23.2,0,
C0Z379,清水斷崖,2020/3/10 12:00,19.1,19,
C0Z380,清水斷崖,2020/3/11 12:00,16.7,0,
C0Z381,清水斷崖,2020/3/12 12:00,19.8,0,
C0Z382,清水斷崖,2020/3/13 12:00,21.7,2,
C0Z383,清水斷崖,2020/3/14 12:00,17.1,8.5,
C0Z384,清水斷崖,2020/3/15 12:00,16.4,0,
C0Z385,清水斷崖,2020/3/16 12:00,17.6,0,
C0Z386,清水斷崖,2020/3/17 12:00,19.5,0,
C0Z387,清水斷崖,2020/3/18 12:00,20.5,0,
C0Z388,清水斷崖,2020/3/19 12:00,21.3,4.5,
C0Z389,清水斷崖,2020/3/20 12:00,19.4,5.5,
C0Z390,清水斷崖,2020/3/21 12:00,22.2,0,
C0Z391,清水斷崖,2020/3/22 12:00,24.1,0,
C0Z392,清水斷崖,2020/3/23 12:00,21.4,5.5,
C0Z393,清水斷崖,2020/3/24 12:00,21.7,0,
C0Z394,清水斷崖,2020/3/25 12:00,23,0,
C0Z395,清水斷崖,2020/3/26 12:00,23.8,22,
C0Z396,清水斷崖,2020/3/27 12:00,23.7,46,
C0Z397,清水斷崖,2020/3/28 12:00,20.3,1.5,
C0Z398,清水斷崖,2020/3/29 12:00,17.9,0,
C0Z399,清水斷崖,2020/3/30 12:00,21.6,0,
C0Z400,清水斷崖,2020/3/31 12:00,21.4,0,
C0Z401,清水斷崖,2020/4/1 12:00,19.9,0,
C0Z402,清水斷崖,2020/4/2 12:00,19,2.5,
C0Z403,清水斷崖,2020/4/3 12:00,20.8,18.5,
C0Z404,清水斷崖,2020/4/4 12:00,19.4,1,
C0Z405,清水斷崖,2020/4/5 12:00,18.3,0,
C0Z406,清水斷崖,2020/4/6 12:00,18.4,7.5,
C0Z407,清水斷崖,2020/4/7 12:00,19,2.5,
C0Z408,清水斷崖,2020/4/8 12:00,20.6,0,
C0Z409,清水斷崖,2020/4/9 12:00,20.2,0,
C0Z410,清水斷崖,2020/4/10 12:00,20.1,1,
C0Z411,清水斷崖,2020/4/11 12:00,21.3,0,
C0Z412,清水斷崖,2020/4/12 12:00,18,1.5,
C0Z413,清水斷崖,2020/4/13 12:00,18,0.5,
C0Z414,清水斷崖,2020/4/14 12:00,18.5,0,
C0Z415,清水斷崖,2020/4/15 12:00,20.1,0,
C0Z416,清水斷崖,2020/4/16 12:00,20.7,0,
C0Z417,清水斷崖,2020/4/17 12:00,23.2,0,
C0Z418,清水斷崖,2020/4/18 12:00,24.4,0,
C0Z419,清水斷崖,2020/4/19 12:00,24.8,5.5,
C0Z420,清水斷崖,2020/4/20 12:00,23,0,
C0Z421,清水斷崖,2020/4/21 12:00,23.4,0,
C0Z422,清水斷崖,2020/4/22 12:00,21,0.5,
C0Z423,清水斷崖,2020/4/23 12:00,19.1,7,
C0Z424,清水斷崖,2020/4/24 12:00,17.4,3.5,
C0Z425,清水斷崖,2020/4/25 12:00,19.9,0,
C0Z426,清水斷崖,2020/4/26 12:00,21.8,0,
C0Z427,清水斷崖,2020/4/27 12:00,21,2,
C0Z428,清水斷崖,2020/4/28 12:00,21,4,
C0Z429,清水斷崖,2020/4/29 12:00,21.3,0.5,
C0Z430,清水斷崖,2020/4/30 12:00,23,1,
C0Z431,清水斷崖,2020/5/1 12:00,24.4,0,
C0Z432,清水斷崖,2020/5/2 12:00,24.9,2,
C0Z433,清水斷崖,2020/5/3 12:00,25.5,0,
C0Z434,清水斷崖,2020/5/4 12:00,26,0,
C0Z435,清水斷崖,2020/5/5 12:00,25.8,0,
C0Z436,清水斷崖,2020/5/6 12:00,24.8,0,
C0Z437,清水斷崖,2020/5/7 12:00,23.8,2.5,
C0Z438,清水斷崖,2020/5/8 12:00,23.9,30.5,
C0Z439,清水斷崖,2020/5/9 12:00,25.8,1.5,
C0Z440,清水斷崖,2020/5/10 12:00,26.8,1.5,
C0Z441,清水斷崖,2020/5/11 12:00,25.5,0.5,
C0Z442,清水斷崖,2020/5/12 12:00,23.7,3.5,
C0Z443,清水斷崖,2020/5/13 12:00,23.7,0,
C0Z444,清水斷崖,2020/5/14 12:00,24.9,0,
C0Z445,清水斷崖,2020/5/15 12:00,25.9,4,
C0Z446,清水斷崖,2020/5/16 12:00,25.9,7.5,
C0Z447,清水斷崖,2020/5/17 12:00,24.2,38,
C0Z448,清水斷崖,2020/5/18 12:00,24.1,1.5,
C0Z449,清水斷崖,2020/5/19 12:00,24.1,3.5,
C0Z450,清水斷崖,2020/5/20 12:00,23.5,0.5,
C0Z451,清水斷崖,2020/5/21 12:00,23.9,2,
C0Z452,清水斷崖,2020/5/22 12:00,23.9,13.5,
C0Z453,清水斷崖,2020/5/23 12:00,24,18,
C0Z454,清水斷崖,2020/5/24 12:00,23.4,18,
C0Z455,清水斷崖,2020/5/25 12:00,24.6,8.5,
C0Z456,清水斷崖,2020/5/26 12:00,25.5,6,
C0Z457,清水斷崖,2020/5/27 12:00,24.2,12,
C0Z458,清水斷崖,2020/5/28 12:00,23.9,11.5,
C0Z459,清水斷崖,2020/5/29 12:00,25.4,1,
C0Z460,清水斷崖,2020/5/30 12:00,26.7,0,
C0Z461,清水斷崖,2020/5/31 12:00,27.6,0,
C0Z462,清水斷崖,2020/6/1 12:00,27.2,8.5,
C0Z463,清水斷崖,2020/6/2 12:00,27.2,0,
C0Z464,清水斷崖,2020/6/3 12:00,27.8,0,
C0Z465,清水斷崖,2020/6/4 12:00,28.1,0,
C0Z466,清水斷崖,2020/6/5 12:00,28.6,0,
C0Z467,清水斷崖,2020/6/6 12:00,28.4,0,
C0Z468,清水斷崖,2020/6/7 12:00,26.3,68,
C0Z469,清水斷崖,2020/6/8 12:00,25.9,0,
C0Z470,清水斷崖,2020/6/9 12:00,26.4,0.5,
C0Z471,清水斷崖,2020/6/10 12:00,27,1.5,
C0Z472,清水斷崖,2020/6/11 12:00,27.3,41,
C0Z473,清水斷崖,2020/6/12 12:00,28.1,0,
C0Z474,清水斷崖,2020/6/13 12:00,28,0,
C0Z475,清水斷崖,2020/6/14 12:00,28.4,18,
C0Z476,清水斷崖,2020/6/15 12:00,27.9,0,
C0Z477,清水斷崖,2020/6/16 12:00,28.4,0,
C0Z478,清水斷崖,2020/6/17 12:00,28.2,0,
C0Z479,清水斷崖,2020/6/18 12:00,28.2,0,
C0Z480,清水斷崖,2020/6/19 12:00,28,0,
C0Z481,清水斷崖,2020/6/20 12:00,28.3,0,
C0Z482,清水斷崖,2020/6/21 12:00,28,0,
C0Z483,清水斷崖,2020/6/22 12:00,28.7,0,
C0Z484,清水斷崖,2020/6/23 12:00,28.9,0,
C0Z485,清水斷崖,2020/6/24 12:00,28.7,0,
C0Z486,清水斷崖,2020/6/25 12:00,28.8,0,
C0Z487,清水斷崖,2020/6/26 12:00,28.8,0,
C0Z488,清水斷崖,2020/6/27 12:00,28.5,0,
C0Z489,清水斷崖,2020/6/28 12:00,28.9,0,
C0Z490,清水斷崖,2020/6/29 12:00,28.3,6,
C0Z491,清水斷崖,2020/6/30 12:00,28.1,0,
C0Z492,清水斷崖,2020/7/1 12:00,27.7,6.5,
C0Z493,清水斷崖,2020/7/2 12:00,26.9,125.5,
C0Z494,清水斷崖,2020/7/3 12:00,27.2,0,
C0Z495,清水斷崖,2020/7/4 12:00,28.3,0,
C0Z496,清水斷崖,2020/7/5 12:00,28,48,
C0Z497,清水斷崖,2020/7/6 12:00,27.8,27.5,
C0Z498,清水斷崖,2020/7/7 12:00,28,0,
C0Z499,清水斷崖,2020/7/8 12:00,28.5,0,
C0Z500,清水斷崖,2020/7/9 12:00,28.2,0,
C0Z501,清水斷崖,2020/7/10 12:00,29.1,0,
C0Z502,清水斷崖,2020/7/11 12:00,29,0,
C0Z503,清水斷崖,2020/7/12 12:00,29,0,
C0Z504,清水斷崖,2020/7/13 12:00,28.8,0,
C0Z505,清水斷崖,2020/7/14 12:00,29,0,
C0Z506,清水斷崖,2020/7/15 12:00,28.9,0,
C0Z507,清水斷崖,2020/7/16 12:00,28.7,0.5,
C0Z508,清水斷崖,2020/7/17 12:00,29.1,0,
C0Z509,清水斷崖,2020/7/18 12:00,29.5,0,
C0Z510,清水斷崖,2020/7/19 12:00,27.7,145.5,
C0Z511,清水斷崖,2020/7/20 12:00,28.5,0,
C0Z512,清水斷崖,2020/7/21 12:00,29.3,0,
C0Z513,清水斷崖,2020/7/22 12:00,29.2,0,
C0Z514,清水斷崖,2020/7/23 12:00,29.7,0,
C0Z515,清水斷崖,2020/7/24 12:00,29.9,0,
C0Z516,清水斷崖,2020/7/25 12:00,28.9,0.5,
C0Z517,清水斷崖,2020/7/26 12:00,28.6,23.5,
C0Z518,清水斷崖,2020/7/27 12:00,28.4,0.5,
C0Z519,清水斷崖,2020/7/28 12:00,28.2,2.5,
C0Z520,清水斷崖,2020/7/29 12:00,28.8,0,
C0Z521,清水斷崖,2020/7/30 12:00,26.6,4.5,
C0Z522,清水斷崖,2020/7/31 12:00,28,1.5,
C0Z523,清水斷崖,2020/8/1 12:00,29,0,
C0Z524,清水斷崖,2020/8/2 12:00,29,0,
C0Z525,清水斷崖,2020/8/3 12:00,28.5,0,
C0Z526,清水斷崖,2020/8/4 12:00,27.9,35.5,
C0Z527,清水斷崖,2020/8/5 12:00,28.3,0.5,
C0Z528,清水斷崖,2020/8/6 12:00,28.6,0,
C0Z529,清水斷崖,2020/8/7 12:00,29.1,0,
C0Z530,清水斷崖,2020/8/8 12:00,28.6,0,
C0Z531,清水斷崖,2020/8/9 12:00,29.4,0,
C0Z532,清水斷崖,2020/8/10 12:00,28.4,5.5,
C0Z533,清水斷崖,2020/8/11 12:00,27.3,0.5,
C0Z534,清水斷崖,2020/8/12 12:00,28.5,0,
C0Z535,清水斷崖,2020/8/13 12:00,28.9,0,
C0Z536,清水斷崖,2020/8/14 12:00,29,0,
C0Z537,清水斷崖,2020/8/15 12:00,29.1,0,
C0Z538,清水斷崖,2020/8/16 12:00,29.2,0,
C0Z539,清水斷崖,2020/8/17 12:00,27.5,0.5,
C0Z540,清水斷崖,2020/8/18 12:00,27.6,0.5,
C0Z541,清水斷崖,2020/8/19 12:00,28.9,0,
C0Z542,清水斷崖,2020/8/20 12:00,29.1,0,
C0Z543,清水斷崖,2020/8/21 12:00,28.5,4,
C0Z544,清水斷崖,2020/8/22 12:00,26,130.5,
C0Z545,清水斷崖,2020/8/23 12:00,28.1,0,
C0Z546,清水斷崖,2020/8/24 12:00,28.7,0,
C0Z547,清水斷崖,2020/8/25 12:00,28.9,0,
C0Z548,清水斷崖,2020/8/26 12:00,28.8,0,
C0Z549,清水斷崖,2020/8/27 12:00,28.3,16.5,
C0Z550,清水斷崖,2020/8/28 12:00,28.3,0,
C0Z551,清水斷崖,2020/8/29 12:00,28.9,0,
C0Z552,清水斷崖,2020/8/30 12:00,28.2,0,
C0Z553,清水斷崖,2020/8/31 12:00,29.3,0,
C0Z554,清水斷崖,2020/9/1 12:00,28.5,0,
C0Z555,清水斷崖,2020/9/2 12:00,29.5,0,
C0Z556,清水斷崖,2020/9/3 12:00,28.6,0,
C0Z557,清水斷崖,2020/9/4 12:00,27.5,28.5,
C0Z558,清水斷崖,2020/9/5 12:00,27.6,0,
C0Z559,清水斷崖,2020/9/6 12:00,26.8,0,
C0Z560,清水斷崖,2020/9/7 12:00,26.8,0,
C0Z561,清水斷崖,2020/9/8 12:00,28.2,0,
C0Z562,清水斷崖,2020/9/9 12:00,27,2.5,
C0Z563,清水斷崖,2020/9/10 12:00,27.7,0,
C0Z564,清水斷崖,2020/9/11 12:00,27.6,11.5,
C0Z565,清水斷崖,2020/9/12 12:00,27.1,4.5,
C0Z566,清水斷崖,2020/9/13 12:00,27,0,
C0Z567,清水斷崖,2020/9/14 12:00,27.5,2,
C0Z568,清水斷崖,2020/9/15 12:00,28.3,0,
C0Z569,清水斷崖,2020/9/16 12:00,28.6,0,
C0Z570,清水斷崖,2020/9/17 12:00,28.8,0,
C0Z571,清水斷崖,2020/9/18 12:00,29.1,0,
C0Z572,清水斷崖,2020/9/19 12:00,28.3,21,
C0Z573,清水斷崖,2020/9/20 12:00,26.8,0.5,
C0Z574,清水斷崖,2020/9/21 12:00,26.6,0.5,
C0Z575,清水斷崖,2020/9/22 12:00,25.5,0,
C0Z576,清水斷崖,2020/9/23 12:00,26.2,0,
C0Z577,清水斷崖,2020/9/24 12:00,25.8,0,
C0Z578,清水斷崖,2020/9/25 12:00,24.2,0,
C0Z579,清水斷崖,2020/9/26 12:00,24.3,0,
C0Z580,清水斷崖,2020/9/27 12:00,23.4,1.5,
C0Z581,清水斷崖,2020/9/28 12:00,24.7,1,
C0Z582,清水斷崖,2020/9/29 12:00,24.6,0,
C0Z583,清水斷崖,2020/9/30 12:00,23.9,0,
C0Z584,清水斷崖,2020/10/1 12:00,25.2,0,
C0Z585,清水斷崖,2020/10/2 12:00,26.4,0,
C0Z586,清水斷崖,2020/10/3 12:00,27.3,0,
C0Z587,清水斷崖,2020/10/4 12:00,27.6,0,
C0Z588,清水斷崖,2020/10/5 12:00,27,0,
C0Z589,清水斷崖,2020/10/6 12:00,25.4,0,
C0Z590,清水斷崖,2020/10/7 12:00,25,0,
C0Z591,清水斷崖,2020/10/8 12:00,24.8,0,
C0Z592,清水斷崖,2020/10/9 12:00,25.4,0,
C0Z593,清水斷崖,2020/10/10 12:00,25.6,0,
C0Z594,清水斷崖,2020/10/11 12:00,26.3,2.5,
C0Z595,清水斷崖,2020/10/12 12:00,26.9,6,
C0Z596,清水斷崖,2020/10/13 12:00,26.9,51,
C0Z597,清水斷崖,2020/10/14 12:00,24.7,59,
C0Z598,清水斷崖,2020/10/15 12:00,24.3,69.5,
C0Z599,清水斷崖,2020/10/16 12:00,23.6,44.5,
C0Z600,清水斷崖,2020/10/17 12:00,22.4,87.5,
C0Z601,清水斷崖,2020/10/18 12:00,23.2,10,
C0Z602,清水斷崖,2020/10/19 12:00,22.9,6.5,
C0Z603,清水斷崖,2020/10/20 12:00,24.7,4.5,
C0Z604,清水斷崖,2020/10/21 12:00,24,82,
C0Z605,清水斷崖,2020/10/22 12:00,24.7,6.5,
C0Z606,清水斷崖,2020/10/23 12:00,21.8,1,
C0Z607,清水斷崖,2020/10/24 12:00,21.9,0,
C0Z608,清水斷崖,2020/10/25 12:00,22.4,0,
C0Z609,清水斷崖,2020/10/26 12:00,23.6,0,
C0Z610,清水斷崖,2020/10/27 12:00,23.8,0,
C0Z611,清水斷崖,2020/10/28 12:00,24.1,0,
C0Z612,清水斷崖,2020/10/29 12:00,23.9,0,
C0Z613,清水斷崖,2020/10/30 12:00,22.9,0,
C0Z614,清水斷崖,2020/10/31 12:00,22.7,0,
C0Z615,清水斷崖,2020/11/1 12:00,24.1,0,
C0Z616,清水斷崖,2020/11/2 12:00,23.8,0,
C0Z617,清水斷崖,2020/11/3 12:00,23.4,0,
C0Z618,清水斷崖,2020/11/4 12:00,21.8,0,
C0Z619,清水斷崖,2020/11/5 12:00,23.3,0,
C0Z620,清水斷崖,2020/11/6 12:00,24.7,19,
C0Z621,清水斷崖,2020/11/7 12:00,25.6,1.5,
C0Z622,清水斷崖,2020/11/8 12:00,23.6,0.5,
C0Z623,清水斷崖,2020/11/9 12:00,21.1,6,
C0Z624,清水斷崖,2020/11/10 12:00,20.9,0.5,
C0Z625,清水斷崖,2020/11/11 12:00,22.2,0,
C0Z626,清水斷崖,2020/11/12 12:00,20.6,15,
C0Z627,清水斷崖,2020/11/13 12:00,22.2,10.5,
C0Z628,清水斷崖,2020/11/14 12:00,21.2,4.5,
C0Z629,清水斷崖,2020/11/15 12:00,23,0,
C0Z630,清水斷崖,2020/11/16 12:00,23.1,12.5,
C0Z631,清水斷崖,2020/11/17 12:00,23.2,6,
C0Z632,清水斷崖,2020/11/18 12:00,24,0,
C0Z633,清水斷崖,2020/11/19 12:00,25.3,0,
C0Z634,清水斷崖,2020/11/20 12:00,25.1,0.5,
C0Z635,清水斷崖,2020/11/21 12:00,23.2,31,
C0Z636,清水斷崖,2020/11/22 12:00,24.7,16.5,
C0Z637,清水斷崖,2020/11/23 12:00,22.8,6,
C0Z638,清水斷崖,2020/11/24 12:00,21.2,19,
C0Z639,清水斷崖,2020/11/25 12:00,22.7,0,
C0Z640,清水斷崖,2020/11/26 12:00,23.6,2.5,
C0Z641,清水斷崖,2020/11/27 12:00,22.4,1,
C0Z642,清水斷崖,2020/11/28 12:00,20.9,0.5,
C0Z643,清水斷崖,2020/11/29 12:00,19.7,0.5,
C0Z644,清水斷崖,2020/11/30 12:00,19.6,1.5,
C0Z645,清水斷崖,2020/12/1 12:00,18.9,38,
C0Z646,清水斷崖,2020/12/2 12:00,20.5,0,
C0Z647,清水斷崖,2020/12/3 12:00,20.2,0,
C0Z648,清水斷崖,2020/12/4 12:00,20.3,0,
C0Z649,清水斷崖,2020/12/5 12:00,20.3,0,
C0Z650,清水斷崖,2020/12/6 12:00,21,0,
C0Z651,清水斷崖,2020/12/7 12:00,21.5,11,
C0Z652,清水斷崖,2020/12/8 12:00,20.4,14.5,
C0Z653,清水斷崖,2020/12/9 12:00,20.1,5,
C0Z654,清水斷崖,2020/12/10 12:00,22.1,1,
C0Z655,清水斷崖,2020/12/11 12:00,22.1,1,
C0Z656,清水斷崖,2020/12/12 12:00,20,0.5,
C0Z657,清水斷崖,2020/12/13 12:00,20.4,0,
C0Z658,清水斷崖,2020/12/14 12:00,19.9,0,
C0Z659,清水斷崖,2020/12/15 12:00,18.9,0,
C0Z660,清水斷崖,2020/12/16 12:00,18.3,0,
C0Z661,清水斷崖,2020/12/17 12:00,18.5,0,
C0Z662,清水斷崖,2020/12/18 12:00,20.9,0,
C0Z663,清水斷崖,2020/12/19 12:00,19.8,0,
C0Z664,清水斷崖,2020/12/20 12:00,18.4,0,
C0Z665,清水斷崖,2020/12/21 12:00,17.3,3.5,
C0Z666,清水斷崖,2020/12/22 12:00,19.6,8.5,
C0Z667,清水斷崖,2020/12/23 12:00,19.3,20,
C0Z668,清水斷崖,2020/12/24 12:00,19.8,1.5,
C0Z669,清水斷崖,2020/12/25 12:00,18,0,
C0Z670,清水斷崖,2020/12/26 12:00,19.5,0,
C0Z671,清水斷崖,2020/12/27 12:00,20.3,2,
C0Z672,清水斷崖,2020/12/28 12:00,19.4,0,
C0Z673,清水斷崖,2020/12/29 12:00,21.5,0,
C0Z674,清水斷崖,2020/12/30 12:00,15.2,1.5,
C0Z675,清水斷崖,2020/12/31 12:00,11.4,0,
C0Z676,清水斷崖,2021/1/1 12:00,13.7,0,
C0Z677,清水斷崖,2021/1/2 12:00,16.5,0,
C0Z678,清水斷崖,2021/1/3 12:00,18,0,
C0Z679,清水斷崖,2021/1/4 12:00,19.6,0,
C0Z680,清水斷崖,2021/1/5 12:00,19.7,0,
C0Z681,清水斷崖,2021/1/6 12:00,17.8,0,
C0Z682,清水斷崖,2021/1/7 12:00,16,0,
C0Z683,清水斷崖,2021/1/8 12:00,10.5,2,
C0Z684,清水斷崖,2021/1/9 12:00,10.3,0,
C0Z685,清水斷崖,2021/1/10 12:00,13,0,
C0Z686,清水斷崖,2021/1/11 12:00,12.8,14.5,
C0Z687,清水斷崖,2021/1/12 12:00,11.4,2,
C0Z688,清水斷崖,2021/1/13 12:00,13.8,0,
C0Z689,清水斷崖,2021/1/14 12:00,16,0,
C0Z690,清水斷崖,2021/1/15 12:00,18.5,0,
C0Z691,清水斷崖,2021/1/16 12:00,18.5,0,
C0Z692,清水斷崖,2021/1/17 12:00,16.9,0,
C0Z693,清水斷崖,2021/1/18 12:00,15,0,
C0Z694,清水斷崖,2021/1/19 12:00,16.3,0,
C0Z695,清水斷崖,2021/1/20 12:00,17.8,9,
C0Z696,清水斷崖,2021/1/21 12:00,20.3,0,
C0Z697,清水斷崖,2021/1/22 12:00,21.3,6,
C0Z698,清水斷崖,2021/1/23 12:00,20.3,3.5,
C0Z699,清水斷崖,2021/1/24 12:00,18.2,0,
C0Z700,清水斷崖,2021/1/25 12:00,18.5,0,
C0Z701,清水斷崖,2021/1/26 12:00,19.6,0,
C0Z702,清水斷崖,2021/1/27 12:00,18.7,0,
C0Z703,清水斷崖,2021/1/28 12:00,17.6,4,
C0Z704,清水斷崖,2021/1/29 12:00,15.1,0,
C0Z705,清水斷崖,2021/1/30 12:00,17.3,0,
C0Z706,清水斷崖,2021/1/31 12:00,19.9,0,
C0Z707,清水斷崖,2021/2/1 12:00,20.5,0,
C0Z708,清水斷崖,2021/2/2 12:00,19.5,0,
C0Z709,清水斷崖,2021/2/3 12:00,18.2,0,
C0Z710,清水斷崖,2021/2/4 12:00,18.9,0,
C0Z711,清水斷崖,2021/2/5 12:00,18.1,6,
C0Z712,清水斷崖,2021/2/6 12:00,20.4,0,
C0Z713,清水斷崖,2021/2/7 12:00,21.5,0,
C0Z714,清水斷崖,2021/2/8 12:00,19.7,0.5,
C0Z715,清水斷崖,2021/2/9 12:00,18.2,0,
C0Z716,清水斷崖,2021/2/10 12:00,18.4,14,
C0Z717,清水斷崖,2021/2/11 12:00,19.3,18.5,
C0Z718,清水斷崖,2021/2/12 12:00,20.3,0.5,
C0Z719,清水斷崖,2021/2/13 12:00,20,0,
C0Z720,清水斷崖,2021/2/14 12:00,20.9,2,
C0Z721,清水斷崖,2021/2/15 12:00,19.1,0,
C0Z722,清水斷崖,2021/2/16 12:00,18,0.5,
C0Z723,清水斷崖,2021/2/17 12:00,17.7,0,
C0Z724,清水斷崖,2021/2/18 12:00,15.1,0,
C0Z725,清水斷崖,2021/2/19 12:00,15.9,0,
C0Z726,清水斷崖,2021/2/20 12:00,17.7,0,
C0Z727,清水斷崖,2021/2/21 12:00,19.3,0,
C0Z728,清水斷崖,2021/2/22 12:00,21.1,0,
C0Z729,清水斷崖,2021/2/23 12:00,20.6,0,
C0Z730,清水斷崖,2021/2/24 12:00,21.8,0,
C0Z731,清水斷崖,2021/2/25 12:00,22.3,0,
C0Z732,清水斷崖,2021/2/26 12:00,21.5,3,
C0Z733,清水斷崖,2021/2/27 12:00,19.2,10,
C0Z734,清水斷崖,2021/2/28 12:00,18.9,0.5,
C0Z735,清水斷崖,2021/3/1 12:00,21.5,0,
C0Z736,清水斷崖,2021/3/2 12:00,18.7,0.5,
C0Z737,清水斷崖,2021/3/3 12:00,18.1,0.5,
C0Z738,清水斷崖,2021/3/4 12:00,20.9,0,
C0Z739,清水斷崖,2021/3/5 12:00,20.3,0,
C0Z740,清水斷崖,2021/3/6 12:00,22.1,0,
C0Z741,清水斷崖,2021/3/7 12:00,20.7,2,
C0Z742,清水斷崖,2021/3/8 12:00,20.2,0,
C0Z743,清水斷崖,2021/3/9 12:00,20.8,0,
C0Z744,清水斷崖,2021/3/10 12:00,19.8,0,
C0Z745,清水斷崖,2021/3/11 12:00,21.6,0,
C0Z746,清水斷崖,2021/3/12 12:00,22.1,0,
C0Z747,清水斷崖,2021/3/13 12:00,19.2,0,
C0Z748,清水斷崖,2021/3/14 12:00,19.6,0,
C0Z749,清水斷崖,2021/3/15 12:00,21.6,0,
C0Z750,清水斷崖,2021/3/16 12:00,23.3,0,
C0Z751,清水斷崖,2021/3/17 12:00,24.2,0,
C0Z752,清水斷崖,2021/3/18 12:00,24,55,
C0Z753,清水斷崖,2021/3/19 12:00,23.7,0,
C0Z754,清水斷崖,2021/3/20 12:00,23.8,2.5,
C0Z755,清水斷崖,2021/3/21 12:00,19.3,2.5,
C0Z756,清水斷崖,2021/3/22 12:00,16,0,
C0Z757,清水斷崖,2021/3/23 12:00,16.8,0.5,
C0Z758,清水斷崖,2021/3/24 12:00,18.5,2.5,
C0Z759,清水斷崖,2021/3/25 12:00,19.7,0,
C0Z760,清水斷崖,2021/3/26 12:00,22,0,
C0Z761,清水斷崖,2021/3/27 12:00,23.2,2,
C0Z762,清水斷崖,2021/3/28 12:00,24.5,0,
C0Z763,清水斷崖,2021/3/29 12:00,24.6,0,
C0Z764,清水斷崖,2021/3/30 12:00,24.7,0,
C0Z765,清水斷崖,2021/3/31 12:00,25.1,0,
C0Z766,清水斷崖,2021/4/1 12:00,25,0,
C0Z767,清水斷崖,2021/4/2 12:00,26.2,0,
C0Z768,清水斷崖,2021/4/3 12:00,25.3,0,
C0Z769,清水斷崖,2021/4/4 12:00,22,0,
C0Z770,清水斷崖,2021/4/5 12:00,18.4,0,
C0Z771,清水斷崖,2021/4/6 12:00,20.1,0,
C0Z772,清水斷崖,2021/4/7 12:00,20.5,0,
C0Z773,清水斷崖,2021/4/8 12:00,21.9,0,
C0Z774,清水斷崖,2021/4/9 12:00,19.5,9,
C0Z775,清水斷崖,2021/4/10 12:00,22.1,0,
C0Z776,清水斷崖,2021/4/11 12:00,22.8,16.5,
C0Z777,清水斷崖,2021/4/12 12:00,22.6,1,
C0Z778,清水斷崖,2021/4/13 12:00,23.5,4,
C0Z779,清水斷崖,2021/4/14 12:00,21.6,5,
C0Z780,清水斷崖,2021/4/15 12:00,22.5,13.5,
C0Z781,清水斷崖,2021/4/16 12:00,22.5,0,
C0Z782,清水斷崖,2021/4/17 12:00,21.9,0.5,
C0Z783,清水斷崖,2021/4/18 12:00,20.2,0.5,
C0Z784,清水斷崖,2021/4/19 12:00,20.7,0,
C0Z785,清水斷崖,2021/4/20 12:00,21.8,0,
C0Z786,清水斷崖,2021/4/21 12:00,23.3,0,
C0Z787,清水斷崖,2021/4/22 12:00,23.2,35.5,
C0Z788,清水斷崖,2021/4/23 12:00,24.1,0,
C0Z789,清水斷崖,2021/4/24 12:00,22.4,22,
C0Z790,清水斷崖,2021/4/25 12:00,20.9,0.5,
C0Z791,清水斷崖,2021/4/26 12:00,21.6,0,
C0Z792,清水斷崖,2021/4/27 12:00,21.5,1,
C0Z793,清水斷崖,2021/4/28 12:00,22.7,0,
C0Z794,清水斷崖,2021/4/29 12:00,20.2,6,
C0Z795,清水斷崖,2021/4/30 12:00,23.5,0,
C0Z796,清水斷崖,2021/5/1 12:00,24.7,0,
C0Z797,清水斷崖,2021/5/2 12:00,25.1,0,
C0Z798,清水斷崖,2021/5/3 12:00,23.5,37.5,
C0Z799,清水斷崖,2021/5/4 12:00,24.3,31.5,
C0Z800,清水斷崖,2021/5/5 12:00,23.2,0,
C0Z801,清水斷崖,2021/5/6 12:00,24.2,0,
C0Z802,清水斷崖,2021/5/7 12:00,25.7,0.5,
C0Z803,清水斷崖,2021/5/8 12:00,25.9,0,
C0Z804,清水斷崖,2021/5/9 12:00,25.9,0,
C0Z805,清水斷崖,2021/5/10 12:00,26.6,0.5,
C0Z806,清水斷崖,2021/5/11 12:00,26.9,0.5,
C0Z807,清水斷崖,2021/5/12 12:00,27.9,0,
C0Z808,清水斷崖,2021/5/13 12:00,27.6,62.5,
C0Z809,清水斷崖,2021/5/14 12:00,26.9,0,
C0Z810,清水斷崖,2021/5/15 12:00,27.3,0,
C0Z811,清水斷崖,2021/5/16 12:00,27.6,0.5,
C0Z812,清水斷崖,2021/5/17 12:00,27.1,2.5,
C0Z813,清水斷崖,2021/5/18 12:00,27.5,11,
C0Z814,清水斷崖,2021/5/19 12:00,27,11.5,
C0Z815,清水斷崖,2021/5/20 12:00,27.2,10,
C0Z816,清水斷崖,2021/5/21 12:00,27.2,0.5,
C0Z817,清水斷崖,2021/5/22 12:00,27.6,0,
C0Z818,清水斷崖,2021/5/23 12:00,27.6,0,
C0Z819,清水斷崖,2021/5/24 12:00,27.9,84.5,
C0Z820,清水斷崖,2021/5/25 12:00,25.7,0.5,
C0Z821,清水斷崖,2021/5/26 12:00,27.3,8.5,
C0Z822,清水斷崖,2021/5/27 12:00,27.5,0,
C0Z823,清水斷崖,2021/5/28 12:00,28.2,0,
C0Z824,清水斷崖,2021/5/29 12:00,24.9,11.5,
C0Z825,清水斷崖,2021/5/30 12:00,25.2,27,
C0Z826,清水斷崖,2021/5/31 12:00,24.5,19.5,
C0Z827,清水斷崖,2021/6/1 12:00,26.5,0,
C0Z828,清水斷崖,2021/6/2 12:00,27.9,4.5,
C0Z829,清水斷崖,2021/6/3 12:00,28.4,0,
C0Z830,清水斷崖,2021/6/4 12:00,28.1,12.5,
C0Z831,清水斷崖,2021/6/5 12:00,25.7,44.5,
C0Z832,清水斷崖,2021/6/6 12:00,24.2,18,
C0Z833,清水斷崖,2021/6/7 12:00,25.4,1.5,
C0Z834,清水斷崖,2021/6/8 12:00,26.6,0,
C0Z835,清水斷崖,2021/6/9 12:00,26.7,0,
C0Z836,清水斷崖,2021/6/10 12:00,27.3,0,
C0Z837,清水斷崖,2021/6/11 12:00,28,0,
C0Z838,清水斷崖,2021/6/12 12:00,28.2,0,
C0Z839,清水斷崖,2021/6/13 12:00,28.2,2.5,
C0Z840,清水斷崖,2021/6/14 12:00,27.7,0,
C0Z841,清水斷崖,2021/6/15 12:00,28.3,0,
C0Z842,清水斷崖,2021/6/16 12:00,29,0,
C0Z843,清水斷崖,2021/6/17 12:00,29.4,0,
C0Z844,清水斷崖,2021/6/18 12:00,29.3,0,
C0Z845,清水斷崖,2021/6/19 12:00,29.1,0,
C0Z846,清水斷崖,2021/6/20 12:00,29.1,0,
C0Z847,清水斷崖,2021/6/21 12:00,29.2,0,
C0Z848,清水斷崖,2021/6/22 12:00,26.6,87.5,
C0Z849,清水斷崖,2021/6/23 12:00,25.8,42,
C0Z850,清水斷崖,2021/6/24 12:00,25.6,14.5,
C0Z851,清水斷崖,2021/6/25 12:00,26.3,0,
C0Z852,清水斷崖,2021/6/26 12:00,26.5,18,
C0Z853,清水斷崖,2021/6/27 12:00,27.1,0.5,
C0Z854,清水斷崖,2021/6/28 12:00,27.7,0,
C0Z855,清水斷崖,2021/6/29 12:00,27.9,0.5,
C0Z856,清水斷崖,2021/6/30 12:00,28.6,0,
C0Z857,清水斷崖,2021/7/1 12:00,28.6,0,
C0Z858,清水斷崖,2021/7/2 12:00,28.5,0,
C0Z859,清水斷崖,2021/7/3 12:00,28.4,0.5,
C0Z860,清水斷崖,2021/7/4 12:00,28.3,1,
C0Z861,清水斷崖,2021/7/5 12:00,28.5,3.5,
C0Z862,清水斷崖,2021/7/6 12:00,27.1,16,
C0Z863,清水斷崖,2021/7/7 12:00,28.2,0,
C0Z864,清水斷崖,2021/7/8 12:00,28.6,0,
C0Z865,清水斷崖,2021/7/9 12:00,28.4,0,
C0Z866,清水斷崖,2021/7/10 12:00,28.7,0,
C0Z867,清水斷崖,2021/7/11 12:00,28.9,0,
C0Z868,清水斷崖,2021/7/12 12:00,28.9,0,
C0Z869,清水斷崖,2021/7/13 12:00,29.2,0,
C0Z870,清水斷崖,2021/7/14 12:00,28.9,0,
C0Z871,清水斷崖,2021/7/15 12:00,28.9,0,
C0Z872,清水斷崖,2021/7/16 12:00,28.7,0,
C0Z873,清水斷崖,2021/7/17 12:00,28.8,0,
C0Z874,清水斷崖,2021/7/18 12:00,28.5,0,
C0Z875,清水斷崖,2021/7/19 12:00,29.1,0,
C0Z876,清水斷崖,2021/7/20 12:00,29,0,
C0Z877,清水斷崖,2021/7/21 12:00,30.1,1,
C0Z878,清水斷崖,2021/7/22 12:00,28.6,4,
C0Z879,清水斷崖,2021/7/23 12:00,27.6,18,
C0Z880,清水斷崖,2021/7/24 12:00,27.8,5,
C0Z881,清水斷崖,2021/7/25 12:00,29.1,0,
C0Z882,清水斷崖,2021/7/26 12:00,30,0,
C0Z883,清水斷崖,2021/7/27 12:00,29.4,0,
C0Z884,清水斷崖,2021/7/28 12:00,29.9,0,
C0Z885,清水斷崖,2021/7/29 12:00,29.7,0,
C0Z886,清水斷崖,2021/7/30 12:00,28.9,1,
C0Z887,清水斷崖,2021/7/31 12:00,27.9,28,
C0Z888,清水斷崖,2021/8/1 12:00,27,2,
C0Z889,清水斷崖,2021/8/2 12:00,28.1,0,
C0Z890,清水斷崖,2021/8/3 12:00,27.6,33.5,
C0Z891,清水斷崖,2021/8/4 12:00,26.4,24,
C0Z892,清水斷崖,2021/8/5 12:00,27.1,0,
C0Z893,清水斷崖,2021/8/6 12:00,26.2,2.5,
C0Z894,清水斷崖,2021/8/7 12:00,25.3,10.5,
C0Z895,清水斷崖,2021/8/8 12:00,27.6,2,
C0Z896,清水斷崖,2021/8/9 12:00,27.8,0,
C0Z897,清水斷崖,2021/8/10 12:00,27.6,0.5,
C0Z898,清水斷崖,2021/8/11 12:00,27.6,0,
C0Z899,清水斷崖,2021/8/12 12:00,27.9,0,
C0Z900,清水斷崖,2021/8/13 12:00,28.2,0,
C0Z901,清水斷崖,2021/8/14 12:00,27.7,0,
C0Z902,清水斷崖,2021/8/15 12:00,28.2,0,
C0Z903,清水斷崖,2021/8/16 12:00,27.6,4,
C0Z904,清水斷崖,2021/8/17 12:00,27.1,5,
C0Z905,清水斷崖,2021/8/18 12:00,27,2,
C0Z906,清水斷崖,2021/8/19 12:00,26.8,1,
C0Z907,清水斷崖,2021/8/20 12:00,27.7,0,
C0Z908,清水斷崖,2021/8/21 12:00,27.9,0,
C0Z909,清水斷崖,2021/8/22 12:00,28.2,0,
C0Z910,清水斷崖,2021/8/23 12:00,27.5,40,
C0Z911,清水斷崖,2021/8/24 12:00,27,19.5,
C0Z912,清水斷崖,2021/8/25 12:00,27.9,0,
C0Z913,清水斷崖,2021/8/26 12:00,28.6,0,
C0Z914,清水斷崖,2021/8/27 12:00,28.4,0,
C0Z915,清水斷崖,2021/8/28 12:00,28.7,0,
C0Z916,清水斷崖,2021/8/29 12:00,28.5,0,
C0Z917,清水斷崖,2021/8/30 12:00,28.4,1,
C0Z918,清水斷崖,2021/8/31 12:00,27.9,3,
C0Z919,清水斷崖,2021/9/1 12:00,28.7,0,
C0Z920,清水斷崖,2021/9/2 12:00,28.2,0.5,
C0Z921,清水斷崖,2021/9/3 12:00,27.8,0,
C0Z922,清水斷崖,2021/9/4 12:00,28.3,0,
C0Z923,清水斷崖,2021/9/5 12:00,28.1,7,
C0Z924,清水斷崖,2021/9/6 12:00,28.5,0,
C0Z925,清水斷崖,2021/9/7 12:00,28.8,0,
C0Z926,清水斷崖,2021/9/8 12:00,28.4,0,
C0Z927,清水斷崖,2021/9/9 12:00,28.7,0,
C0Z928,清水斷崖,2021/9/10 12:00,29.4,0,
C0Z929,清水斷崖,2021/9/11 12:00,26.2,63,
C0Z930,清水斷崖,2021/9/12 12:00,24.8,118.5,
C0Z931,清水斷崖,2021/9/13 12:00,28.5,0,
C0Z932,清水斷崖,2021/9/14 12:00,28.8,0,
C0Z933,清水斷崖,2021/9/15 12:00,27.7,14,
C0Z934,清水斷崖,2021/9/16 12:00,27.4,0,
C0Z935,清水斷崖,2021/9/17 12:00,27.4,0,
C0Z936,清水斷崖,2021/9/18 12:00,27.7,3.5,
C0Z937,清水斷崖,2021/9/19 12:00,28.1,0,
C0Z938,清水斷崖,2021/9/20 12:00,28.9,0,
C0Z939,清水斷崖,2021/9/21 12:00,28,12,
C0Z940,清水斷崖,2021/9/22 12:00,28.1,0,
C0Z941,清水斷崖,2021/9/23 12:00,28.2,1.5,
C0Z942,清水斷崖,2021/9/24 12:00,27.3,3,
C0Z943,清水斷崖,2021/9/25 12:00,26.6,0,
C0Z944,清水斷崖,2021/9/26 12:00,27.1,0,
C0Z945,清水斷崖,2021/9/27 12:00,26.9,0,
C0Z946,清水斷崖,2021/9/28 12:00,27.1,0,
C0Z947,清水斷崖,2021/9/29 12:00,27.4,0,
C0Z948,清水斷崖,2021/9/30 12:00,27.9,0,
C0Z949,清水斷崖,2021/10/1 12:00,27.9,0,
C0Z950,清水斷崖,2021/10/2 12:00,26.9,6.5,
C0Z951,清水斷崖,2021/10/3 12:00,27.2,0,
C0Z952,清水斷崖,2021/10/4 12:00,27.6,4,
C0Z953,清水斷崖,2021/10/5 12:00,26.8,7,
C0Z954,清水斷崖,2021/10/6 12:00,26.7,5.5,
C0Z955,清水斷崖,2021/10/7 12:00,26.9,1.5,
C0Z956,清水斷崖,2021/10/8 12:00,27.1,0,
C0Z957,清水斷崖,2021/10/9 12:00,27.2,0.5,
C0Z958,清水斷崖,2021/10/10 12:00,27.8,0.5,
C0Z959,清水斷崖,2021/10/11 12:00,26.9,204.5,
C0Z960,清水斷崖,2021/10/12 12:00,26.4,327.5,
C0Z961,清水斷崖,2021/10/13 12:00,25.1,172,
C0Z962,清水斷崖,2021/10/14 12:00,24.7,29.5,
C0Z963,清水斷崖,2021/10/15 12:00,25.7,0,
C0Z964,清水斷崖,2021/10/16 12:00,26.1,22.5,
C0Z965,清水斷崖,2021/10/17 12:00,24.1,3.5,
C0Z966,清水斷崖,2021/10/18 12:00,22.7,0,
C0Z967,清水斷崖,2021/10/19 12:00,23.6,0,
C0Z968,清水斷崖,2021/10/20 12:00,23.3,0,
C0Z969,清水斷崖,2021/10/21 12:00,24,0,
C0Z970,清水斷崖,2021/10/22 12:00,22.6,0.5,
C0Z971,清水斷崖,2021/10/23 12:00,21.5,0,
C0Z972,清水斷崖,2021/10/24 12:00,22.6,0,
C0Z973,清水斷崖,2021/10/25 12:00,23.6,0.5,
C0Z974,清水斷崖,2021/10/26 12:00,23,0.5,
C0Z975,清水斷崖,2021/10/27 12:00,23.1,0,
C0Z976,清水斷崖,2021/10/28 12:00,22.5,0,
C0Z977,清水斷崖,2021/10/29 12:00,22.4,0,
C0Z978,清水斷崖,2021/10/30 12:00,23.6,0,
C0Z979,清水斷崖,2021/10/31 12:00,23.5,0.5,
C0Z980,清水斷崖,2021/11/1 12:00,23.2,0,
C0Z981,清水斷崖,2021/11/2 12:00,23.2,0,
C0Z982,清水斷崖,2021/11/3 12:00,23.2,0,
C0Z983,清水斷崖,2021/11/4 12:00,21.8,7,
C0Z984,清水斷崖,2021/11/5 12:00,23.9,1,
C0Z985,清水斷崖,2021/11/6 12:00,25.3,3,
C0Z986,清水斷崖,2021/11/7 12:00,24.1,0,
C0Z987,清水斷崖,2021/11/8 12:00,21.5,0,
C0Z988,清水斷崖,2021/11/9 12:00,18.2,0,
C0Z989,清水斷崖,2021/11/10 12:00,18,0,
C0Z990,清水斷崖,2021/11/11 12:00,19.9,0,
C0Z991,清水斷崖,2021/11/12 12:00,17.9,7,
C0Z992,清水斷崖,2021/11/13 12:00,18.2,18,
C0Z993,清水斷崖,2021/11/14 12:00,19.7,0,
C0Z994,清水斷崖,2021/11/15 12:00,21.3,0,
C0Z995,清水斷崖,2021/11/16 12:00,22.1,0.5,
C0Z996,清水斷崖,2021/11/17 12:00,22.8,1,
C0Z997,清水斷崖,2021/11/18 12:00,23.5,0.5,
C0Z998,清水斷崖,2021/11/19 12:00,24.1,0,
C0Z999,清水斷崖,2021/11/20 12:00,21.9,3.5,
C0Z1000,清水斷崖,2021/11/21 12:00,23.7,2.5,
C0Z1001,清水斷崖,2021/11/22 12:00,21.6,0,
C0Z1002,清水斷崖,2021/11/23 12:00,18.3,0,
C0Z1003,清水斷崖,2021/11/24 12:00,18.5,0,
C0Z1004,清水斷崖,2021/11/25 12:00,20.7,1,
C0Z1005,清水斷崖,2021/11/26 12:00,20.3,11.5,
C0Z1006,清水斷崖,2021/11/27 12:00,19.4,5,
C0Z1007,清水斷崖,2021/11/28 12:00,19.6,20,
C0Z1008,清水斷崖,2021/11/29 12:00,20.2,61.5,
C0Z1009,清水斷崖,2021/11/30 12:00,21.9,0,
C0Z1010,清水斷崖,2021/12/1 12:00,17,0,
C0Z1011,清水斷崖,2021/12/2 12:00,17.9,0,
C0Z1012,清水斷崖,2021/12/3 12:00,16.6,0,
C0Z1013,清水斷崖,2021/12/4 12:00,17.7,0,
C0Z1014,清水斷崖,2021/12/5 12:00,19.8,0,
C0Z1015,清水斷崖,2021/12/6 12:00,20.5,0,
C0Z1016,清水斷崖,2021/12/7 12:00,20,0,
C0Z1017,清水斷崖,2021/12/8 12:00,19.6,0,
C0Z1018,清水斷崖,2021/12/9 12:00,20.1,0,
C0Z1019,清水斷崖,2021/12/10 12:00,19.2,12.5,
C0Z1020,清水斷崖,2021/12/11 12:00,21,5,
C0Z1021,清水斷崖,2021/12/12 12:00,20.7,0,
C0Z1022,清水斷崖,2021/12/13 12:00,19.9,0,
C0Z1023,清水斷崖,2021/12/14 12:00,19.9,0.5,
C0Z1024,清水斷崖,2021/12/15 12:00,20,36,
C0Z1025,清水斷崖,2021/12/16 12:00,21.7,2,
C0Z1026,清水斷崖,2021/12/17 12:00,20,0,
C0Z1027,清水斷崖,2021/12/18 12:00,16.8,0,
C0Z1028,清水斷崖,2021/12/19 12:00,16.9,0,
C0Z1029,清水斷崖,2021/12/20 12:00,18.9,0,
C0Z1030,清水斷崖,2021/12/21 12:00,20.3,1.5,
C0Z1031,清水斷崖,2021/12/22 12:00,20.8,0.5,
C0Z1032,清水斷崖,2021/12/23 12:00,21.5,0,
C0Z1033,清水斷崖,2021/12/24 12:00,22.2,0.5,
C0Z1034,清水斷崖,2021/12/25 12:00,17.8,5,
C0Z1035,清水斷崖,2021/12/26 12:00,16.6,0,
C0Z1036,清水斷崖,2021/12/27 12:00,16.3,0,
C0Z1037,清水斷崖,2021/12/28 12:00,18.5,0,
C0Z1038,清水斷崖,2021/12/29 12:00,20.6,0,
C0Z1039,清水斷崖,2021/12/30 12:00,17.5,0,
C0Z1040,清水斷崖,2021/12/31 12:00,16.9,0,
C0Z1041,清水斷崖,2022/1/1 12:00,18.6,0,
C0Z1042,清水斷崖,2022/1/2 12:00,18.4,0,
C0Z1043,清水斷崖,2022/1/3 12:00,19.6,0,
C0Z1044,清水斷崖,2022/1/4 12:00,21.2,2,
C0Z1045,清水斷崖,2022/1/5 12:00,20.7,4,
C0Z1046,清水斷崖,2022/1/6 12:00,17.5,4.5,
C0Z1047,清水斷崖,2022/1/7 12:00,16.8,8,
C0Z1048,清水斷崖,2022/1/8 12:00,16.3,2.5,
C0Z1049,清水斷崖,2022/1/9 12:00,18.8,0,
C0Z1050,清水斷崖,2022/1/10 12:00,19.3,0,
C0Z1051,清水斷崖,2022/1/11 12:00,16.2,0,
C0Z1052,清水斷崖,2022/1/12 12:00,15,0,
C0Z1053,清水斷崖,2022/1/13 12:00,15.4,2.5,
C0Z1054,清水斷崖,2022/1/14 12:00,14.4,0,
C0Z1055,清水斷崖,2022/1/15 12:00,17.8,0,
C0Z1056,清水斷崖,2022/1/16 12:00,20.2,0,
C0Z1057,清水斷崖,2022/1/17 12:00,20,1,
C0Z1058,清水斷崖,2022/1/18 12:00,17.8,4,
C0Z1059,清水斷崖,2022/1/19 12:00,17.9,1,
C0Z1060,清水斷崖,2022/1/20 12:00,17.5,7,
C0Z1061,清水斷崖,2022/1/21 12:00,17.3,16.5,
C0Z1062,清水斷崖,2022/1/22 12:00,18.2,72.5,
C0Z1063,清水斷崖,2022/1/23 12:00,21.3,0,
C0Z1064,清水斷崖,2022/1/24 12:00,19.5,4,
C0Z1065,清水斷崖,2022/1/25 12:00,18.4,11,
C0Z1066,清水斷崖,2022/1/26 12:00,19.7,0,
C0Z1067,清水斷崖,2022/1/27 12:00,21,5,
C0Z1068,清水斷崖,2022/1/28 12:00,19.7,4,
C0Z1069,清水斷崖,2022/1/29 12:00,18.3,20.5,
C0Z1070,清水斷崖,2022/1/30 12:00,17.3,0,
C0Z1071,清水斷崖,2022/1/31 12:00,15.9,0,
C0Z1072,清水斷崖,2022/2/1 12:00,18.1,0.5,
C0Z1073,清水斷崖,2022/2/2 12:00,20.5,0,
C0Z1074,清水斷崖,2022/2/3 12:00,19,9,
C0Z1075,清水斷崖,2022/2/4 12:00,17.5,1.5,
C0Z1076,清水斷崖,2022/2/5 12:00,16.3,0,
C0Z1077,清水斷崖,2022/2/6 12:00,17,0,
C0Z1078,清水斷崖,2022/2/7 12:00,18.2,4,
C0Z1079,清水斷崖,2022/2/8 12:00,17.4,1,
C0Z1080,清水斷崖,2022/2/9 12:00,18.7,0,
C0Z1081,清水斷崖,2022/2/10 12:00,19.3,0,
C0Z1082,清水斷崖,2022/2/11 12:00,19.6,0.5,
C0Z1083,清水斷崖,2022/2/12 12:00,21.1,0,
C0Z1084,清水斷崖,2022/2/13 12:00,21,5.5,
C0Z1085,清水斷崖,2022/2/14 12:00,17,13,
C0Z1086,清水斷崖,2022/2/15 12:00,17.8,0,
C0Z1087,清水斷崖,2022/2/16 12:00,17.6,7,
C0Z1088,清水斷崖,2022/2/17 12:00,18.3,4,
C0Z1089,清水斷崖,2022/2/18 12:00,19.7,1,
C0Z1090,清水斷崖,2022/2/19 12:00,18.4,9.5,
C0Z1091,清水斷崖,2022/2/20 12:00,13.8,5,
C0Z1092,清水斷崖,2022/2/21 12:00,14.1,6.5,
C0Z1093,清水斷崖,2022/2/22 12:00,17.1,10,
C0Z1094,清水斷崖,2022/2/23 12:00,15.6,11.5,
C0Z1095,清水斷崖,2022/2/24 12:00,15.8,0,
C0Z1096,清水斷崖,2022/2/25 12:00,17.6,0,
C0Z1097,清水斷崖,2022/2/26 12:00,19.5,0,
C0Z1098,清水斷崖,2022/2/27 12:00,18.6,0,
C0Z1099,清水斷崖,2022/2/28 12:00,20.8,0,
C0Z1100,清水斷崖,2022/3/1 12:00,22.8,0,
C0Z1101,清水斷崖,2022/3/2 12:00,20.4,0.5,
C0Z1102,清水斷崖,2022/3/3 12:00,20.5,0.5,
C0Z1103,清水斷崖,2022/3/4 12:00,22.9,0,
C0Z1104,清水斷崖,2022/3/5 12:00,21.6,0,
C0Z1105,清水斷崖,2022/3/6 12:00,20.1,0,
C0Z1106,清水斷崖,2022/3/7 12:00,18.8,0,
C0Z1107,清水斷崖,2022/3/8 12:00,17.1,0,
C0Z1108,清水斷崖,2022/3/9 12:00,20.3,0,
C0Z1109,清水斷崖,2022/3/10 12:00,20.9,0,
C0Z1110,清水斷崖,2022/3/11 12:00,21.6,0,
C0Z1111,清水斷崖,2022/3/12 12:00,22.1,0,
C0Z1112,清水斷崖,2022/3/13 12:00,21.8,14,
C0Z1113,清水斷崖,2022/3/14 12:00,22.5,0,
C0Z1114,清水斷崖,2022/3/15 12:00,22.8,0.5,
C0Z1115,清水斷崖,2022/3/16 12:00,22.6,0,
C0Z1116,清水斷崖,2022/3/17 12:00,23,0.5,
C0Z1117,清水斷崖,2022/3/18 12:00,21.4,0,
C0Z1118,清水斷崖,2022/3/19 12:00,21.3,1,
C0Z1119,清水斷崖,2022/3/20 12:00,20.7,38.5,
C0Z1120,清水斷崖,2022/3/21 12:00,23,3.5,
C0Z1121,清水斷崖,2022/3/22 12:00,20.9,0,
C0Z1122,清水斷崖,2022/3/23 12:00,18.8,9.5,
C0Z1123,清水斷崖,2022/3/24 12:00,19,0.5,
C0Z1124,清水斷崖,2022/3/25 12:00,22.6,0,
C0Z1125,清水斷崖,2022/3/26 12:00,24.7,1.5,
C0Z1126,清水斷崖,2022/3/27 12:00,19.9,4.5,
C0Z1127,清水斷崖,2022/3/28 12:00,19.3,4,
C0Z1128,清水斷崖,2022/3/29 12:00,20.1,7,
C0Z1129,清水斷崖,2022/3/30 12:00,22.9,0.5,
C0Z1130,清水斷崖,2022/3/31 12:00,23.4,1.5,
C0Z1131,清水斷崖,2022/4/1 12:00,18.6,1.5,
C0Z1132,清水斷崖,2022/4/2 12:00,18.3,1,
C0Z1133,清水斷崖,2022/4/3 12:00,17.3,3.5,
C0Z1134,清水斷崖,2022/4/4 12:00,19.6,0.5,
C0Z1135,清水斷崖,2022/4/5 12:00,19.2,1.5,
C0Z1136,清水斷崖,2022/4/6 12:00,20.3,0,
C0Z1137,清水斷崖,2022/4/7 12:00,19.6,0,
C0Z1138,清水斷崖,2022/4/8 12:00,20.1,0.5,
C0Z1139,清水斷崖,2022/4/9 12:00,21.9,0,
C0Z1140,清水斷崖,2022/4/10 12:00,23.2,0,
C0Z1141,清水斷崖,2022/4/11 12:00,23.5,0,
C0Z1142,清水斷崖,2022/4/12 12:00,23.1,,
C0Z1143,清水斷崖,2022/4/13 12:00,22.8,,
C0Z1144,清水斷崖,2022/4/14 12:00,23.4,0,
C0Z1145,清水斷崖,2022/4/15 12:00,21.7,0,
C0Z1146,清水斷崖,2022/4/16 12:00,19.8,0.5,
C0Z1147,清水斷崖,2022/4/17 12:00,19.7,0,
C0Z1148,清水斷崖,2022/4/18 12:00,21.6,0,
C0Z1149,清水斷崖,2022/4/19 12:00,19.2,0,
C0Z1150,清水斷崖,2022/4/20 12:00,20.3,0,
C0Z1151,清水斷崖,2022/4/21 12:00,22.9,0,
C0Z1152,清水斷崖,2022/4/22 12:00,25.5,1.5,
C0Z1153,清水斷崖,2022/4/23 12:00,24.5,3,
C0Z1154,清水斷崖,2022/4/24 12:00,25.5,0,
C0Z1155,清水斷崖,2022/4/25 12:00,26.2,1.5,
C0Z1156,清水斷崖,2022/4/26 12:00,26.3,0.5,
C0Z1157,清水斷崖,2022/4/27 12:00,25.8,0,
C0Z1158,清水斷崖,2022/4/28 12:00,26,20,
C0Z1159,清水斷崖,2022/4/29 12:00,26.5,0.5,
C0Z1160,清水斷崖,2022/4/30 12:00,23,0.5,
C0Z1161,清水斷崖,2022/5/1 12:00,21,0.5,
C0Z1162,清水斷崖,2022/5/2 12:00,18.1,9,
C0Z1163,清水斷崖,2022/5/3 12:00,19.9,1.5,
C0Z1164,清水斷崖,2022/5/4 12:00,21.9,0.5,
C0Z1165,清水斷崖,2022/5/5 12:00,24.2,2.5,
C0Z1166,清水斷崖,2022/5/6 12:00,24.6,0,
C0Z1167,清水斷崖,2022/5/7 12:00,24.6,0,
C0Z1168,清水斷崖,2022/5/8 12:00,24.9,0.5,
C0Z1169,清水斷崖,2022/5/9 12:00,23.3,76,
C0Z1170,清水斷崖,2022/5/10 12:00,24.5,4,
C0Z1171,清水斷崖,2022/5/11 12:00,24.8,0.5,
C0Z1172,清水斷崖,2022/5/12 12:00,25.8,3.5,
C0Z1173,清水斷崖,2022/5/13 12:00,25.3,0.5,
C0Z1174,清水斷崖,2022/5/14 12:00,23.2,36,
C0Z1175,清水斷崖,2022/5/15 12:00,21.5,5,
C0Z1176,清水斷崖,2022/5/16 12:00,20.5,14.5,
C0Z1177,清水斷崖,2022/5/17 12:00,21.1,1.5,
C0Z1178,清水斷崖,2022/5/18 12:00,23.2,1.5,
C0Z1179,清水斷崖,2022/5/19 12:00,23.9,20.5,
C0Z1180,清水斷崖,2022/5/20 12:00,25,0.5,
C0Z1181,清水斷崖,2022/5/21 12:00,23.7,0,
C0Z1182,清水斷崖,2022/5/22 12:00,23,0.5,
C0Z1183,清水斷崖,2022/5/23 12:00,25.2,0,
C0Z1184,清水斷崖,2022/5/24 12:00,23.7,23.5,
C0Z1185,清水斷崖,2022/5/25 12:00,23.6,37.5,
C0Z1186,清水斷崖,2022/5/26 12:00,24.2,15,
C0Z1187,清水斷崖,2022/5/27 12:00,23.9,16.5,
C0Z1188,清水斷崖,2022/5/28 12:00,25.9,0,
C0Z1189,清水斷崖,2022/5/29 12:00,27.2,0,
C0Z1190,清水斷崖,2022/5/30 12:00,27.7,0.5,
C0Z1191,清水斷崖,2022/5/31 12:00,25.5,146.5,
C0Z1192,清水斷崖,2022/6/1 12:00,27.3,0,
C0Z1193,清水斷崖,2022/6/2 12:00,27.5,0,
C0Z1194,清水斷崖,2022/6/3 12:00,27,0,
C0Z1195,清水斷崖,2022/6/4 12:00,27.4,0,
C0Z1196,清水斷崖,2022/6/5 12:00,28.3,0,
C0Z1197,清水斷崖,2022/6/6 12:00,28.2,1,
C0Z1198,清水斷崖,2022/6/7 12:00,24.7,29,
C0Z1199,清水斷崖,2022/6/8 12:00,23.2,43,
C0Z1200,清水斷崖,2022/6/9 12:00,24.6,1,
C0Z1201,清水斷崖,2022/6/10 12:00,25.9,0,
C0Z1202,清水斷崖,2022/6/11 12:00,26.6,6,
C0Z1203,清水斷崖,2022/6/12 12:00,25.3,3,
C0Z1204,清水斷崖,2022/6/13 12:00,27.4,0,
C0Z1205,清水斷崖,2022/6/14 12:00,28.4,0,
C0Z1206,清水斷崖,2022/6/15 12:00,27,0,
C0Z1207,清水斷崖,2022/6/16 12:00,26.6,0.5,
C0Z1208,清水斷崖,2022/6/17 12:00,27,0.5,
C0Z1209,清水斷崖,2022/6/18 12:00,28,0,
C0Z1210,清水斷崖,2022/6/19 12:00,28.4,0,
C0Z1211,清水斷崖,2022/6/20 12:00,28.7,0,
C0Z1212,清水斷崖,2022/6/21 12:00,27.9,25.5,
C0Z1213,清水斷崖,2022/6/22 12:00,28.3,1.5,
C0Z1214,清水斷崖,2022/6/23 12:00,28.4,0,
C0Z1215,清水斷崖,2022/6/24 12:00,28.2,0.5,
C0Z1216,清水斷崖,2022/6/25 12:00,28.4,0,
C0Z1217,清水斷崖,2022/6/26 12:00,28.7,5,
C0Z1218,清水斷崖,2022/6/27 12:00,28.4,0,
C0Z1219,清水斷崖,2022/6/28 12:00,28.3,0.5,
C0Z1220,清水斷崖,2022/6/29 12:00,28,0,
C0Z1221,清水斷崖,2022/6/30 12:00,28.6,27,
C0Z1222,清水斷崖,2022/7/1 12:00,27.2,2,
C0Z1223,清水斷崖,2022/7/2 12:00,27,1,
C0Z1224,清水斷崖,2022/7/3 12:00,27.8,0,
C0Z1225,清水斷崖,2022/7/4 12:00,28.4,0,
C0Z1226,清水斷崖,2022/7/5 12:00,28.5,1,
C0Z1227,清水斷崖,2022/7/6 12:00,28.5,0,
C0Z1228,清水斷崖,2022/7/7 12:00,28.6,0,
C0Z1229,清水斷崖,2022/7/8 12:00,29.2,0,
C0Z1230,清水斷崖,2022/7/9 12:00,29,0,
C0Z1231,清水斷崖,2022/7/10 12:00,29,0,
C0Z1232,清水斷崖,2022/7/11 12:00,28.8,0,
C0Z1233,清水斷崖,2022/7/12 12:00,28.8,0,
C0Z1234,清水斷崖,2022/7/13 12:00,29.5,0,
C0Z1235,清水斷崖,2022/7/14 12:00,28.7,5.5,
C0Z1236,清水斷崖,2022/7/15 12:00,28.2,0,
C0Z1237,清水斷崖,2022/7/16 12:00,29.3,0,
C0Z1238,清水斷崖,2022/7/17 12:00,29.3,0,
C0Z1239,清水斷崖,2022/7/18 12:00,29.4,0,
C0Z1240,清水斷崖,2022/7/19 12:00,29.2,0,
C0Z1241,清水斷崖,2022/7/20 12:00,28.9,0,
C0Z1242,清水斷崖,2022/7/21 12:00,29.4,0,
C0Z1243,清水斷崖,2022/7/22 12:00,29.2,0,
C0Z1244,清水斷崖,2022/7/23 12:00,29.3,0,
C0Z1245,清水斷崖,2022/7/24 12:00,29.5,0,
C0Z1246,清水斷崖,2022/7/25 12:00,29.5,0,
C0Z1247,清水斷崖,2022/7/26 12:00,29.3,0,
C0Z1248,清水斷崖,2022/7/27 12:00,29.6,0,
C0Z1249,清水斷崖,2022/7/28 12:00,29.5,0,
C0Z1250,清水斷崖,2022/7/29 12:00,29.8,0,
C0Z1251,清水斷崖,2022/7/30 12:00,28.6,0.5,
C0Z1252,清水斷崖,2022/7/31 12:00,28.4,3.5,
C0Z1253,清水斷崖,2022/8/1 12:00,29.1,0,
C0Z1254,清水斷崖,2022/8/2 12:00,26.6,13,
C0Z1255,清水斷崖,2022/8/3 12:00,28.1,0,
C0Z1256,清水斷崖,2022/8/4 12:00,28.4,0,
C0Z1257,清水斷崖,2022/8/5 12:00,29.4,0,
C0Z1258,清水斷崖,2022/8/6 12:00,29.5,0,
C0Z1259,清水斷崖,2022/8/7 12:00,28.8,2,
C0Z1260,清水斷崖,2022/8/8 12:00,28.8,0,
C0Z1261,清水斷崖,2022/8/9 12:00,29.3,0,
C0Z1262,清水斷崖,2022/8/10 12:00,29.7,0,
C0Z1263,清水斷崖,2022/8/11 12:00,29.8,0,
C0Z1264,清水斷崖,2022/8/12 12:00,30.1,0,
C0Z1265,清水斷崖,2022/8/13 12:00,30.1,0,
C0Z1266,清水斷崖,2022/8/14 12:00,29.7,0,
C0Z1267,清水斷崖,2022/8/15 12:00,29.5,0.5,
C0Z1268,清水斷崖,2022/8/16 12:00,29.4,0,
C0Z1269,清水斷崖,2022/8/17 12:00,29.9,0,
C0Z1270,清水斷崖,2022/8/18 12:00,29.6,0,
C0Z1271,清水斷崖,2022/8/19 12:00,29.3,0,
C0Z1272,清水斷崖,2022/8/20 12:00,29.7,0,
C0Z1273,清水斷崖,2022/8/21 12:00,30,0,
C0Z1274,清水斷崖,2022/8/22 12:00,29.7,0,
C0Z1275,清水斷崖,2022/8/23 12:00,30.4,0,
C0Z1276,清水斷崖,2022/8/24 12:00,30.2,0,
C0Z1277,清水斷崖,2022/8/25 12:00,30.1,7.5,
C0Z1278,清水斷崖,2022/8/26 12:00,29.4,0,
C0Z1279,清水斷崖,2022/8/27 12:00,29.2,0,
C0Z1280,清水斷崖,2022/8/28 12:00,28.2,1,
C0Z1281,清水斷崖,2022/8/29 12:00,29.3,0,
C0Z1282,清水斷崖,2022/8/30 12:00,30,0,
C0Z1283,清水斷崖,2022/8/31 12:00,30,0,
C0Z1284,清水斷崖,2022/9/1 12:00,30.9,0,
C0Z1285,清水斷崖,2022/9/2 12:00,30.8,3,
C0Z1286,清水斷崖,2022/9/3 12:00,28.7,8,
C0Z1287,清水斷崖,2022/9/4 12:00,27.7,1.5,
C0Z1288,清水斷崖,2022/9/5 12:00,29.6,12,
C0Z1289,清水斷崖,2022/9/6 12:00,27.5,1.5,
C0Z1290,清水斷崖,2022/9/7 12:00,25.6,9,
C0Z1291,清水斷崖,2022/9/8 12:00,26.7,0,
C0Z1292,清水斷崖,2022/9/9 12:00,27,0,
C0Z1293,清水斷崖,2022/9/10 12:00,26.7,0,
C0Z1294,清水斷崖,2022/9/11 12:00,26.6,9,
C0Z1295,清水斷崖,2022/9/12 12:00,27,9,
C0Z1296,清水斷崖,2022/9/13 12:00,27.6,0,
C0Z1297,清水斷崖,2022/9/14 12:00,27,34,
C0Z1298,清水斷崖,2022/9/15 12:00,27.5,0,
C0Z1299,清水斷崖,2022/9/16 12:00,28,0,
C0Z1300,清水斷崖,2022/9/17 12:00,28,0,
C0Z1301,清水斷崖,2022/9/18 12:00,28.1,0,
C0Z1302,清水斷崖,2022/9/19 12:00,28.4,0,
C0Z1303,清水斷崖,2022/9/20 12:00,26.5,0,
C0Z1304,清水斷崖,2022/9/21 12:00,26.6,0,
C0Z1305,清水斷崖,2022/9/22 12:00,25.9,0,
C0Z1306,清水斷崖,2022/9/23 12:00,26.9,0,
C0Z1307,清水斷崖,2022/9/24 12:00,25.7,5.5,
C0Z1308,清水斷崖,2022/9/25 12:00,25.8,57,
C0Z1309,清水斷崖,2022/9/26 12:00,27.2,71,
C0Z1310,清水斷崖,2022/9/27 12:00,27.1,3,
C0Z1311,清水斷崖,2022/9/28 12:00,27.5,0,
C0Z1312,清水斷崖,2022/9/29 12:00,27.9,1,
C0Z1313,清水斷崖,2022/9/30 12:00,28,0,
C0Z1314,清水斷崖,2022/10/1 12:00,28.1,0,
C0Z1315,清水斷崖,2022/10/2 12:00,28.5,0,
C0Z1316,清水斷崖,2022/10/3 12:00,27.5,6,
C0Z1317,清水斷崖,2022/10/4 12:00,28.1,0,
C0Z1318,清水斷崖,2022/10/5 12:00,26.6,2,
C0Z1319,清水斷崖,2022/10/6 12:00,25.6,68,
C0Z1320,清水斷崖,2022/10/7 12:00,24.5,292.5,
C0Z1321,清水斷崖,2022/10/8 12:00,23.4,163.5,
C0Z1322,清水斷崖,2022/10/9 12:00,23.8,35.5,
C0Z1323,清水斷崖,2022/10/10 12:00,22.8,1,
C0Z1324,清水斷崖,2022/10/11 12:00,22.4,0,
C0Z1325,清水斷崖,2022/10/12 12:00,23,0,
C0Z1326,清水斷崖,2022/10/13 12:00,24.5,0,
C0Z1327,清水斷崖,2022/10/14 12:00,25.6,0,
C0Z1328,清水斷崖,2022/10/15 12:00,25.6,49,
C0Z1329,清水斷崖,2022/10/16 12:00,26.2,108.5,
C0Z1330,清水斷崖,2022/10/17 12:00,25,53,
C0Z1331,清水斷崖,2022/10/18 12:00,24,0,
C0Z1332,清水斷崖,2022/10/19 12:00,22.9,0,
C0Z1333,清水斷崖,2022/10/20 12:00,23.1,0,
C0Z1334,清水斷崖,2022/10/21 12:00,24.5,8.5,
C0Z1335,清水斷崖,2022/10/22 12:00,26.6,22,
C0Z1336,清水斷崖,2022/10/23 12:00,23.4,43.5,
C0Z1337,清水斷崖,2022/10/24 12:00,21.9,0,
C0Z1338,清水斷崖,2022/10/25 12:00,21.3,0,
C0Z1339,清水斷崖,2022/10/26 12:00,22.6,0,
C0Z1340,清水斷崖,2022/10/27 12:00,24.1,0,
C0Z1341,清水斷崖,2022/10/28 12:00,23.5,3.5,
C0Z1342,清水斷崖,2022/10/29 12:00,22.5,59,
C0Z1343,清水斷崖,2022/10/30 12:00,22.1,124.5,
C0Z1344,清水斷崖,2022/10/31 12:00,23.1,175,
C0Z1345,清水斷崖,2022/11/1 12:00,22.8,7.5,
C0Z1346,清水斷崖,2022/11/2 12:00,23.2,0,
C0Z1347,清水斷崖,2022/11/3 12:00,25.2,29,
C0Z1348,清水斷崖,2022/11/4 12:00,23.1,2,
C0Z1349,清水斷崖,2022/11/5 12:00,21,13.5,
C0Z1350,清水斷崖,2022/11/6 12:00,21.2,3.5,
C0Z1351,清水斷崖,2022/11/7 12:00,21.5,22,
C0Z1352,清水斷崖,2022/11/8 12:00,23.1,0.5,
C0Z1353,清水斷崖,2022/11/9 12:00,23.3,3,
C0Z1354,清水斷崖,2022/11/10 12:00,24.1,3,
C0Z1355,清水斷崖,2022/11/11 12:00,25,0.5,
C0Z1356,清水斷崖,2022/11/12 12:00,25.9,0,
C0Z1357,清水斷崖,2022/11/13 12:00,25.4,0,
C0Z1358,清水斷崖,2022/11/14 12:00,24.1,0,
C0Z1359,清水斷崖,2022/11/15 12:00,24.1,0,
C0Z1360,清水斷崖,2022/11/16 12:00,24.9,0,
C0Z1361,清水斷崖,2022/11/17 12:00,25.8,0,
C0Z1362,清水斷崖,2022/11/18 12:00,25.2,2.5,
C0Z1363,清水斷崖,2022/11/19 12:00,24.4,7.5,
C0Z1364,清水斷崖,2022/11/20 12:00,23.1,0.5,
C0Z1365,清水斷崖,2022/11/21 12:00,22.9,1,
C0Z1366,清水斷崖,2022/11/22 12:00,23.7,0.5,
C0Z1367,清水斷崖,2022/11/23 12:00,23.4,6.5,
C0Z1368,清水斷崖,2022/11/24 12:00,21.8,6,
C0Z1369,清水斷崖,2022/11/25 12:00,23.8,0.5,
C0Z1370,清水斷崖,2022/11/26 12:00,21.8,20.5,
C0Z1371,清水斷崖,2022/11/27 12:00,23.2,0.5,
C0Z1372,清水斷崖,2022/11/28 12:00,24.9,0.5,
C0Z1373,清水斷崖,2022/11/29 12:00,26,0,
C0Z1374,清水斷崖,2022/11/30 12:00,22.2,0,
C0Z1375,清水斷崖,2022/12/1 12:00,20.8,1,
C0Z1376,清水斷崖,2022/12/2 12:00,21.5,0,
C0Z1377,清水斷崖,2022/12/3 12:00,23.2,0,
C0Z1378,清水斷崖,2022/12/4 12:00,23.6,0,
C0Z1379,清水斷崖,2022/12/5 12:00,22.3,0,
C0Z1380,清水斷崖,2022/12/6 12:00,19.9,0,
C0Z1381,清水斷崖,2022/12/7 12:00,21.9,0,
C0Z1382,清水斷崖,2022/12/8 12:00,22.1,0,
C0Z1383,清水斷崖,2022/12/9 12:00,22.6,0,
C0Z1384,清水斷崖,2022/12/10 12:00,22.8,0,
C0Z1385,清水斷崖,2022/12/11 12:00,21.9,0.5,
C0Z1386,清水斷崖,2022/12/12 12:00,20.3,0,
C0Z1387,清水斷崖,2022/12/13 12:00,18.9,1,
C0Z1388,清水斷崖,2022/12/14 12:00,19.2,0,
C0Z1389,清水斷崖,2022/12/15 12:00,19.5,1.5,
C0Z1390,清水斷崖,2022/12/16 12:00,22.6,0,
C0Z1391,清水斷崖,2022/12/17 12:00,17.8,4,
C0Z1392,清水斷崖,2022/12/18 12:00,12.3,0.5,
C0Z1393,清水斷崖,2022/12/19 12:00,16.1,0,
C0Z1394,清水斷崖,2022/12/20 12:00,19.5,0,
C0Z1395,清水斷崖,2022/12/21 12:00,19.7,0,
C0Z1396,清水斷崖,2022/12/22 12:00,16.4,0,
C0Z1397,清水斷崖,2022/12/23 12:00,15,0,
C0Z1398,清水斷崖,2022/12/24 12:00,13.7,0,
C0Z1399,清水斷崖,2022/12/25 12:00,14,0,
C0Z1400,清水斷崖,2022/12/26 12:00,17.5,0,
C0Z1401,清水斷崖,2022/12/27 12:00,17.8,0,
C0Z1402,清水斷崖,2022/12/28 12:00,18.7,3.5,
C0Z1403,清水斷崖,2022/12/29 12:00,17.7,5,
C0Z1404,清水斷崖,2022/12/30 12:00,19.5,0,
C0Z1405,清水斷崖,2022/12/31 12:00,19,7.5,
C0Z1406,清水斷崖,2023/1/1 12:00,18.2,29,
C0Z1407,清水斷崖,2023/1/2 12:00,18.3,18,
C0Z1408,清水斷崖,2023/1/3 12:00,18.8,0.5,
C0Z1409,清水斷崖,2023/1/4 12:00,18.8,0,
C0Z1410,清水斷崖,2023/1/5 12:00,19.5,26,
C0Z1411,清水斷崖,2023/1/6 12:00,20.5,2,
C0Z1412,清水斷崖,2023/1/7 12:00,17.9,0,
C0Z1413,清水斷崖,2023/1/8 12:00,18.7,0,
C0Z1414,清水斷崖,2023/1/9 12:00,20.6,16.5,
C0Z1415,清水斷崖,2023/1/10 12:00,18.6,25,
C0Z1416,清水斷崖,2023/1/11 12:00,19.9,96.5,
C0Z1417,清水斷崖,2023/1/12 12:00,21.7,12,
C0Z1418,清水斷崖,2023/1/13 12:00,22.6,2.5,
C0Z1419,清水斷崖,2023/1/14 12:00,23.5,0,
C0Z1420,清水斷崖,2023/1/15 12:00,19.4,0,
C0Z1421,清水斷崖,2023/1/16 12:00,16.5,0,
C0Z1422,清水斷崖,2023/1/17 12:00,17.7,0,
C0Z1423,清水斷崖,2023/1/18 12:00,17.3,0,
C0Z1424,清水斷崖,2023/1/19 12:00,18.2,0,
C0Z1425,清水斷崖,2023/1/20 12:00,17.7,1.5,
C0Z1426,清水斷崖,2023/1/21 12:00,18.7,0.5,
C0Z1427,清水斷崖,2023/1/22 12:00,21.3,0,
C0Z1428,清水斷崖,2023/1/23 12:00,19.8,0,
C0Z1429,清水斷崖,2023/1/24 12:00,15.4,0,
C0Z1430,清水斷崖,2023/1/25 12:00,12.9,0,
C0Z1431,清水斷崖,2023/1/26 12:00,18,0,
C0Z1432,清水斷崖,2023/1/27 12:00,14.8,0,
C0Z1433,清水斷崖,2023/1/28 12:00,11.9,0,
C0Z1434,清水斷崖,2023/1/29 12:00,14,0,
C0Z1435,清水斷崖,2023/1/30 12:00,15.3,0,
C0Z1436,清水斷崖,2023/1/31 12:00,18.3,0,
C0Z1437,清水斷崖,2023/2/1 12:00,21.4,0,
C0Z1438,清水斷崖,2023/2/2 12:00,19.6,0,
C0Z1439,清水斷崖,2023/2/3 12:00,19.1,0,
C0Z1440,清水斷崖,2023/2/4 12:00,18.8,0.5,
C0Z1441,清水斷崖,2023/2/5 12:00,19.7,0.5,
C0Z1442,清水斷崖,2023/2/6 12:00,20.3,11,
C0Z1443,清水斷崖,2023/2/7 12:00,20.8,7,
C0Z1444,清水斷崖,2023/2/8 12:00,19.9,3,
C0Z1445,清水斷崖,2023/2/9 12:00,21.3,7,
C0Z1446,清水斷崖,2023/2/10 12:00,20.5,1.5,
C0Z1447,清水斷崖,2023/2/11 12:00,21.6,0,
C0Z1448,清水斷崖,2023/2/12 12:00,23.4,0,
C0Z1449,清水斷崖,2023/2/13 12:00,23.5,0,
C0Z1450,清水斷崖,2023/2/14 12:00,17.7,0,
C0Z1451,清水斷崖,2023/2/15 12:00,15.6,0,
C0Z1452,清水斷崖,2023/2/16 12:00,16.4,0,
C0Z1453,清水斷崖,2023/2/17 12:00,20.7,0,
C0Z1454,清水斷崖,2023/2/18 12:00,19.7,9,
C0Z1455,清水斷崖,2023/2/19 12:00,21,0,
C0Z1456,清水斷崖,2023/2/20 12:00,17.8,0,
C0Z1457,清水斷崖,2023/2/21 12:00,17.5,0,
C0Z1458,清水斷崖,2023/2/22 12:00,18.2,0,
C0Z1459,清水斷崖,2023/2/23 12:00,20.7,0,
C0Z1460,清水斷崖,2023/2/24 12:00,21,0,
C0Z1461,清水斷崖,2023/2/25 12:00,17.9,0,
C0Z1462,清水斷崖,2023/2/26 12:00,16.3,0,
C0Z1463,清水斷崖,2023/2/27 12:00,16.9,0,
C0Z1464,清水斷崖,2023/2/28 12:00,20.4,0,
C0Z1465,清水斷崖,2023/3/1 12:00,21.3,0,
C0Z1466,清水斷崖,2023/3/2 12:00,17.7,0,
C0Z1467,清水斷崖,2023/3/3 12:00,17.5,0,
C0Z1468,清水斷崖,2023/3/4 12:00,18.2,0,
C0Z1469,清水斷崖,2023/3/5 12:00,17.9,0,
C0Z1470,清水斷崖,2023/3/6 12:00,18.9,0,
C0Z1471,清水斷崖,2023/3/7 12:00,20.8,0,
C0Z1472,清水斷崖,2023/3/8 12:00,21.4,0,
C0Z1473,清水斷崖,2023/3/9 12:00,21.4,0,
C0Z1474,清水斷崖,2023/3/10 12:00,21,0,
C0Z1475,清水斷崖,2023/3/11 12:00,22.1,0,
C0Z1476,清水斷崖,2023/3/12 12:00,21.9,0,
C0Z1477,清水斷崖,2023/3/13 12:00,18,0,
C0Z1478,清水斷崖,2023/3/14 12:00,18.4,0.5,
C0Z1479,清水斷崖,2023/3/15 12:00,20.7,0,
C0Z1480,清水斷崖,2023/3/16 12:00,22.9,0,
C0Z1481,清水斷崖,2023/3/17 12:00,22.1,60.5,
C0Z1482,清水斷崖,2023/3/18 12:00,19.7,0,
C0Z1483,清水斷崖,2023/3/19 12:00,20.4,0.5,
C0Z1484,清水斷崖,2023/3/20 12:00,21.8,1.5,
C0Z1485,清水斷崖,2023/3/21 12:00,23.7,0,
C0Z1486,清水斷崖,2023/3/22 12:00,24.7,0,
C0Z1487,清水斷崖,2023/3/23 12:00,25,0,
C0Z1488,清水斷崖,2023/3/24 12:00,24.3,0,
C0Z1489,清水斷崖,2023/3/25 12:00,22.8,1.5,
C0Z1490,清水斷崖,2023/3/26 12:00,18.8,14.5,
C0Z1491,清水斷崖,2023/3/27 12:00,19.4,6,
C0Z1492,清水斷崖,2023/3/28 12:00,20.1,1.5,
C0Z1493,清水斷崖,2023/3/29 12:00,21.8,0,
C0Z1494,清水斷崖,2023/3/30 12:00,22.3,0,
C0Z1495,清水斷崖,2023/3/31 12:00,20,0.5,
C0Z1496,清水斷崖,2023/4/1 12:00,19.9,16,
C0Z1497,清水斷崖,2023/4/2 12:00,20.2,10.5,
C0Z1498,清水斷崖,2023/4/3 12:00,20.9,0,
C0Z1499,清水斷崖,2023/4/4 12:00,22.5,0,
C0Z1500,清水斷崖,2023/4/5 12:00,23.2,0,
C0Z1501,清水斷崖,2023/4/6 12:00,24.1,4.5,
C0Z1502,清水斷崖,2023/4/7 12:00,19.8,0,
C0Z1503,清水斷崖,2023/4/8 12:00,18.2,0,
C0Z1504,清水斷崖,2023/4/9 12:00,19,0,
C0Z1505,清水斷崖,2023/4/10 12:00,21.2,0.5,
C0Z1506,清水斷崖,2023/4/11 12:00,22.6,0,
C0Z1507,清水斷崖,2023/4/12 12:00,23.2,0,
C0Z1508,清水斷崖,2023/4/13 12:00,23.7,0,
C0Z1509,清水斷崖,2023/4/14 12:00,25.1,0,
C0Z1510,清水斷崖,2023/4/15 12:00,24.6,0,
C0Z1511,清水斷崖,2023/4/16 12:00,24.3,0,
C0Z1512,清水斷崖,2023/4/17 12:00,25,0,
C0Z1513,清水斷崖,2023/4/18 12:00,24.8,0,
C0Z1514,清水斷崖,2023/4/19 12:00,26.3,0,
C0Z1515,清水斷崖,2023/4/20 12:00,23.6,16.5,
C0Z1516,清水斷崖,2023/4/21 12:00,22.2,0,
C0Z1517,清水斷崖,2023/4/22 12:00,21.4,0,
C0Z1518,清水斷崖,2023/4/23 12:00,22.4,0.5,
C0Z1519,清水斷崖,2023/4/24 12:00,22.4,0,
C0Z1520,清水斷崖,2023/4/25 12:00,21.6,0.5,
C0Z1521,清水斷崖,2023/4/26 12:00,20.5,1.5,
C0Z1522,清水斷崖,2023/4/27 12:00,21.4,0.5,
C0Z1523,清水斷崖,2023/4/28 12:00,24,1,
C0Z1524,清水斷崖,2023/4/29 12:00,25.2,24.5,
C0Z1525,清水斷崖,2023/4/30 12:00,22.3,0,
C0Z1526,清水斷崖,2023/5/1 12:00,22,0,
C0Z1527,清水斷崖,2023/5/2 12:00,24.8,0,
C0Z1528,清水斷崖,2023/5/3 12:00,25.5,19.5,
C0Z1529,清水斷崖,2023/5/4 12:00,25.6,34,
C0Z1530,清水斷崖,2023/5/5 12:00,26.2,8.5,
C0Z1531,清水斷崖,2023/5/6 12:00,26.8,36,
C0Z1532,清水斷崖,2023/5/7 12:00,24.3,9,
C0Z1533,清水斷崖,2023/5/8 12:00,21,3.5,
C0Z1534,清水斷崖,2023/5/9 12:00,20.9,0,
C0Z1535,清水斷崖,2023/5/10 12:00,21.1,0,
C0Z1536,清水斷崖,2023/5/11 12:00,23.5,0,
C0Z1537,清水斷崖,2023/5/12 12:00,23.4,0,
C0Z1538,清水斷崖,2023/5/13 12:00,22.1,5,
C0Z1539,清水斷崖,2023/5/14 12:00,21.5,1.5,
C0Z1540,清水斷崖,2023/5/15 12:00,22.7,0,
C0Z1541,清水斷崖,2023/5/16 12:00,23.7,0.5,
C0Z1542,清水斷崖,2023/5/17 12:00,24.1,0,
C0Z1543,清水斷崖,2023/5/18 12:00,25.7,0,
C0Z1544,清水斷崖,2023/5/19 12:00,25,10,
C0Z1545,清水斷崖,2023/5/20 12:00,23.4,4,
C0Z1546,清水斷崖,2023/5/21 12:00,25.4,0,
C0Z1547,清水斷崖,2023/5/22 12:00,27,0,
C0Z1548,清水斷崖,2023/5/23 12:00,21.7,11.5,
C0Z1549,清水斷崖,2023/5/24 12:00,22.6,2.5,
C0Z1550,清水斷崖,2023/5/25 12:00,25.5,0,
C0Z1551,清水斷崖,2023/5/26 12:00,25.2,66,
C0Z1552,清水斷崖,2023/5/27 12:00,23.2,14.5,
C0Z1553,清水斷崖,2023/5/28 12:00,25.4,0,
C0Z1554,清水斷崖,2023/5/29 12:00,27.4,0,
C0Z1555,清水斷崖,2023/5/30 12:00,28.1,9.5,
C0Z1556,清水斷崖,2023/5/31 12:00,27.6,29,
C0Z1557,清水斷崖,2023/6/1 12:00,28.4,0,
C0Z1558,清水斷崖,2023/6/2 12:00,26.9,26,
C0Z1559,清水斷崖,2023/6/3 12:00,26.4,151,
C0Z1560,清水斷崖,2023/6/4 12:00,25.8,200.5,
C0Z1561,清水斷崖,2023/6/5 12:00,26.8,63.5,
C0Z1562,清水斷崖,2023/6/6 12:00,26.3,9.5,
C0Z1563,清水斷崖,2023/6/7 12:00,26.7,8.5,
C0Z1564,清水斷崖,2023/6/8 12:00,26.1,10,
C0Z1565,清水斷崖,2023/6/9 12:00,26,54.5,
C0Z1566,清水斷崖,2023/6/10 12:00,26.2,8,
C0Z1567,清水斷崖,2023/6/11 12:00,26,10.5,
C0Z1568,清水斷崖,2023/6/12 12:00,25.3,21.5,
C0Z1569,清水斷崖,2023/6/13 12:00,25.7,0,
C0Z1570,清水斷崖,2023/6/14 12:00,26.2,8.5,
C0Z1571,清水斷崖,2023/6/15 12:00,24.1,41.5,
C0Z1572,清水斷崖,2023/6/16 12:00,25.8,59,
C0Z1573,清水斷崖,2023/6/17 12:00,27,0,
C0Z1574,清水斷崖,2023/6/18 12:00,27.9,4,
C0Z1575,清水斷崖,2023/6/19 12:00,28.3,0,
C0Z1576,清水斷崖,2023/6/20 12:00,28.4,0,
C0Z1577,清水斷崖,2023/6/21 12:00,28.4,0,
C0Z1578,清水斷崖,2023/6/22 12:00,28.8,0,
C0Z1579,清水斷崖,2023/6/23 12:00,28.6,7.5,
C0Z1580,清水斷崖,2023/6/24 12:00,27.7,2.5,
C0Z1581,清水斷崖,2023/6/25 12:00,27.6,7,
C0Z1582,清水斷崖,2023/6/26 12:00,27.5,0.5,
C0Z1583,清水斷崖,2023/6/27 12:00,27.9,0,
C0Z1584,清水斷崖,2023/6/28 12:00,26.4,8,
C0Z1585,清水斷崖,2023/6/29 12:00,27.4,0.5,
C0Z1586,清水斷崖,2023/6/30 12:00,27,63.5,
C0Z1587,清水斷崖,2023/7/1 12:00,27.7,4.5,
C0Z1588,清水斷崖,2023/7/2 12:00,28.1,5,
C0Z1589,清水斷崖,2023/7/3 12:00,27.5,10,
C0Z1590,清水斷崖,2023/7/4 12:00,28.5,0,
C0Z1591,清水斷崖,2023/7/5 12:00,29.3,0,
C0Z1592,清水斷崖,2023/7/6 12:00,29.6,0,
C0Z1593,清水斷崖,2023/7/7 12:00,29.5,0,
C0Z1594,清水斷崖,2023/7/8 12:00,29.5,0,
C0Z1595,清水斷崖,2023/7/9 12:00,28.5,0,
C0Z1596,清水斷崖,2023/7/10 12:00,28.2,0,
C0Z1597,清水斷崖,2023/7/11 12:00,28.4,0,
C0Z1598,清水斷崖,2023/7/12 12:00,29.3,0,
C0Z1599,清水斷崖,2023/7/13 12:00,29.1,0,
C0Z1600,清水斷崖,2023/7/14 12:00,29.4,0,
C0Z1601,清水斷崖,2023/7/15 12:00,29.2,0,
C0Z1602,清水斷崖,2023/7/16 12:00,29,1.5,
C0Z1603,清水斷崖,2023/7/17 12:00,28.7,0,
C0Z1604,清水斷崖,2023/7/18 12:00,27.5,42,
C0Z1605,清水斷崖,2023/7/19 12:00,27.1,6,
C0Z1606,清水斷崖,2023/7/20 12:00,27.2,0,
C0Z1607,清水斷崖,2023/7/21 12:00,27.9,0,
C0Z1608,清水斷崖,2023/7/22 12:00,28.3,0,
C0Z1609,清水斷崖,2023/7/23 12:00,28.6,0,
C0Z1610,清水斷崖,2023/7/24 12:00,28.4,0,
C0Z1611,清水斷崖,2023/7/25 12:00,27.8,17,
C0Z1612,清水斷崖,2023/7/26 12:00,25.6,193,
C0Z1613,清水斷崖,2023/7/27 12:00,25.8,113,
C0Z1614,清水斷崖,2023/7/28 12:00,26.3,35,
C0Z1615,清水斷崖,2023/7/29 12:00,26.8,5.5,
C0Z1616,清水斷崖,2023/7/30 12:00,27.1,0,
C0Z1617,清水斷崖,2023/7/31 12:00,27.1,0,
C0Z1618,清水斷崖,2023/8/1 12:00,27.3,0,
C0Z1619,清水斷崖,2023/8/2 12:00,28,0,
C0Z1620,清水斷崖,2023/8/3 12:00,27.4,0,
C0Z1621,清水斷崖,2023/8/4 12:00,29.1,0,
C0Z1622,清水斷崖,2023/8/5 12:00,27.6,0.5,
C0Z1623,清水斷崖,2023/8/6 12:00,29,0,
C0Z1624,清水斷崖,2023/8/7 12:00,28.7,0.5,
C0Z1625,清水斷崖,2023/8/8 12:00,28.3,1,
C0Z1626,清水斷崖,2023/8/9 12:00,28.6,0,
C0Z1627,清水斷崖,2023/8/10 12:00,28.5,0,
C0Z1628,清水斷崖,2023/8/11 12:00,28.1,0,
C0Z1629,清水斷崖,2023/8/12 12:00,27.5,0,
C0Z1630,清水斷崖,2023/8/13 12:00,28.2,0,
C0Z1631,清水斷崖,2023/8/14 12:00,28.3,0,
C0Z1632,清水斷崖,2023/8/15 12:00,29.1,0,
C0Z1633,清水斷崖,2023/8/16 12:00,27.3,3.5,
C0Z1634,清水斷崖,2023/8/17 12:00,26.8,1.5,
C0Z1635,清水斷崖,2023/8/18 12:00,25.6,4.5,
C0Z1636,清水斷崖,2023/8/19 12:00,27,0,
C0Z1637,清水斷崖,2023/8/20 12:00,27.2,0,
C0Z1638,清水斷崖,2023/8/21 12:00,28.1,0,
C0Z1639,清水斷崖,2023/8/22 12:00,28.6,0,
C0Z1640,清水斷崖,2023/8/23 12:00,29,0,
C0Z1641,清水斷崖,2023/8/24 12:00,28.5,0,
C0Z1642,清水斷崖,2023/8/25 12:00,28.1,0,
C0Z1643,清水斷崖,2023/8/26 12:00,28.4,0,
C0Z1644,清水斷崖,2023/8/27 12:00,28.7,0,
C0Z1645,清水斷崖,2023/8/28 12:00,28.8,0,
C0Z1646,清水斷崖,2023/8/29 12:00,29,19.5,
C0Z1647,清水斷崖,2023/8/30 12:00,27.1,3.5,
C0Z1648,清水斷崖,2023/8/31 12:00,25.3,55,
C0Z1649,清水斷崖,2023/9/1 12:00,27.1,1,
C0Z1650,清水斷崖,2023/9/2 12:00,28.7,0.5,
C0Z1651,清水斷崖,2023/9/3 12:00,26.7,154,
C0Z1652,清水斷崖,2023/9/4 12:00,26.1,198,
C0Z1653,清水斷崖,2023/9/5 12:00,26.7,38,
C0Z1654,清水斷崖,2023/9/6 12:00,26.7,17.5,
C0Z1655,清水斷崖,2023/9/7 12:00,25,11.5,
C0Z1656,清水斷崖,2023/9/8 12:00,24.3,5.5,
C0Z1657,清水斷崖,2023/9/9 12:00,25,0,
C0Z1658,清水斷崖,2023/9/10 12:00,25.6,0,
C0Z1659,清水斷崖,2023/9/11 12:00,25.9,0,
C0Z1660,清水斷崖,2023/9/12 12:00,26.5,0,
C0Z1661,清水斷崖,2023/9/13 12:00,26.7,0,
C0Z1662,清水斷崖,2023/9/14 12:00,27,0,
C0Z1663,清水斷崖,2023/9/15 12:00,27.6,0,
C0Z1664,清水斷崖,2023/9/16 12:00,27.6,0,
C0Z1665,清水斷崖,2023/9/17 12:00,27.3,0,
C0Z1666,清水斷崖,2023/9/18 12:00,27.3,0,
C0Z1667,清水斷崖,2023/9/19 12:00,27.8,0,
C0Z1668,清水斷崖,2023/9/20 12:00,27.6,0,
C0Z1669,清水斷崖,2023/9/21 12:00,28.3,0,
C0Z1670,清水斷崖,2023/9/22 12:00,28,0,
C0Z1671,清水斷崖,2023/9/23 12:00,28.2,0,
C0Z1672,清水斷崖,2023/9/24 12:00,28,0,
C0Z1673,清水斷崖,2023/9/25 12:00,28,0,
C0Z1674,清水斷崖,2023/9/26 12:00,27.8,1.5,
C0Z1675,清水斷崖,2023/9/27 12:00,26.4,12,
C0Z1676,清水斷崖,2023/9/28 12:00,27.3,0,
C0Z1677,清水斷崖,2023/9/29 12:00,27.5,0,
C0Z1678,清水斷崖,2023/9/30 12:00,27.4,0,
C0Z1679,清水斷崖,2023/10/1 12:00,27.7,0,
C0Z1680,清水斷崖,2023/10/2 12:00,26.4,0,
C0Z1681,清水斷崖,2023/10/3 12:00,29,0,
C0Z1682,清水斷崖,2023/10/4 12:00,28.6,36.5,
C0Z1683,清水斷崖,2023/10/5 12:00,25.8,63.5,
C0Z1684,清水斷崖,2023/10/6 12:00,25.1,25.5,
C0Z1685,清水斷崖,2023/10/7 12:00,25.4,0.5,
C0Z1686,清水斷崖,2023/10/8 12:00,24.9,11,
C0Z1687,清水斷崖,2023/10/9 12:00,25.6,2.5,
C0Z1688,清水斷崖,2023/10/10 12:00,23.6,61,
C0Z1689,清水斷崖,2023/10/11 12:00,23.7,1,
C0Z1690,清水斷崖,2023/10/12 12:00,24.3,0,
C0Z1691,清水斷崖,2023/10/13 12:00,24.3,0,
C0Z1692,清水斷崖,2023/10/14 12:00,22.8,0.5,
C0Z1693,清水斷崖,2023/10/15 12:00,21.6,2,
C0Z1694,清水斷崖,2023/10/16 12:00,22.1,0,
C0Z1695,清水斷崖,2023/10/17 12:00,22.7,0,
C0Z1696,清水斷崖,2023/10/18 12:00,24.6,0,
C0Z1697,清水斷崖,2023/10/19 12:00,24.7,0,
C0Z1698,清水斷崖,2023/10/20 12:00,24.3,1.5,
C0Z1699,清水斷崖,2023/10/21 12:00,22.5,0,
C0Z1700,清水斷崖,2023/10/22 12:00,22.4,0.5,
C0Z1701,清水斷崖,2023/10/23 12:00,22.7,15.5,
C0Z1702,清水斷崖,2023/10/24 12:00,24.7,5,
C0Z1703,清水斷崖,2023/10/25 12:00,24.6,0,
C0Z1704,清水斷崖,2023/10/26 12:00,24.4,0,
C0Z1705,清水斷崖,2023/10/27 12:00,22.7,4.5,
C0Z1706,清水斷崖,2023/10/28 12:00,20.4,15,
C0Z1707,清水斷崖,2023/10/29 12:00,22.2,7,
C0Z1708,清水斷崖,2023/10/30 12:00,21.5,5.5,
C0Z1709,清水斷崖,2023/10/31 12:00,22.9,0.5,
C0Z1710,清水斷崖,2023/11/1 12:00,22.8,7,
C0Z1711,清水斷崖,2023/11/2 12:00,24.3,0,
C0Z1712,清水斷崖,2023/11/3 12:00,24.8,0,
C0Z1713,清水斷崖,2023/11/4 12:00,24.8,0,
C0Z1714,清水斷崖,2023/11/5 12:00,24.2,0,
C0Z1715,清水斷崖,2023/11/6 12:00,25.8,0,
C0Z1716,清水斷崖,2023/11/7 12:00,22.4,0,
C0Z1717,清水斷崖,2023/11/8 12:00,23.7,0,
C0Z1718,清水斷崖,2023/11/9 12:00,24.8,0,
C0Z1719,清水斷崖,2023/11/10 12:00,25.4,0,
C0Z1720,清水斷崖,2023/11/11 12:00,23.9,0,
C0Z1721,清水斷崖,2023/11/12 12:00,22.7,0,
C0Z1722,清水斷崖,2023/11/13 12:00,20.3,0,
C0Z1723,清水斷崖,2023/11/14 12:00,20.3,0,
C0Z1724,清水斷崖,2023/11/15 12:00,20.6,0,
C0Z1725,清水斷崖,2023/11/16 12:00,22.5,0,
C0Z1726,清水斷崖,2023/11/17 12:00,17.3,0,
C0Z1727,清水斷崖,2023/11/18 12:00,17.3,0,
C0Z1728,清水斷崖,2023/11/19 12:00,19.7,0,
C0Z1729,清水斷崖,2023/11/20 12:00,21,0,
C0Z1730,清水斷崖,2023/11/21 12:00,21.1,2.5,
C0Z1731,清水斷崖,2023/11/22 12:00,22.7,0,
C0Z1732,清水斷崖,2023/11/23 12:00,22.9,0,
C0Z1733,清水斷崖,2023/11/24 12:00,21.1,0,
C0Z1734,清水斷崖,2023/11/25 12:00,20,0,
C0Z1735,清水斷崖,2023/11/26 12:00,20.9,0,
C0Z1736,清水斷崖,2023/11/27 12:00,21.8,0,
C0Z1737,清水斷崖,2023/11/28 12:00,21.3,0,
C0Z1738,清水斷崖,2023/11/29 12:00,22.7,0,
C0Z1739,清水斷崖,2023/11/30 12:00,21.8,0,
C0Z1740,清水斷崖,2023/12/1 12:00,19.4,0.5,
C0Z1741,清水斷崖,2023/12/2 12:00,19.3,0,
C0Z1742,清水斷崖,2023/12/3 12:00,20.5,1,
C0Z1743,清水斷崖,2023/12/4 12:00,21.5,5,
C0Z1744,清水斷崖,2023/12/5 12:00,19.5,14.5,
C0Z1745,清水斷崖,2023/12/6 12:00,19.3,2.5,
C0Z1746,清水斷崖,2023/12/7 12:00,18.6,0,
C0Z1747,清水斷崖,2023/12/8 12:00,20.7,0,
C0Z1748,清水斷崖,2023/12/9 12:00,22.3,0,
C0Z1749,清水斷崖,2023/12/10 12:00,22.4,0.5,
C0Z1750,清水斷崖,2023/12/11 12:00,23.8,0,
C0Z1751,清水斷崖,2023/12/12 12:00,21.7,0,
C0Z1752,清水斷崖,2023/12/13 12:00,21,0,
C0Z1753,清水斷崖,2023/12/14 12:00,22.9,0,
C0Z1754,清水斷崖,2023/12/15 12:00,23.5,0,
C0Z1755,清水斷崖,2023/12/16 12:00,18.6,0,
C0Z1756,清水斷崖,2023/12/17 12:00,17.4,0,
C0Z1757,清水斷崖,2023/12/18 12:00,19.5,0,
C0Z1758,清水斷崖,2023/12/19 12:00,20.6,0,
C0Z1759,清水斷崖,2023/12/20 12:00,17.1,2.5,
C0Z1760,清水斷崖,2023/12/21 12:00,16.1,0.5,
C0Z1761,清水斷崖,2023/12/22 12:00,14.3,0,
C0Z1762,清水斷崖,2023/12/23 12:00,16.5,0,
C0Z1763,清水斷崖,2023/12/24 12:00,17.3,2,
C0Z1764,清水斷崖,2023/12/25 12:00,15.8,0,
C0Z1765,清水斷崖,2023/12/26 12:00,18.1,0,
C0Z1766,清水斷崖,2023/12/27 12:00,20.6,0,
C0Z1767,清水斷崖,2023/12/28 12:00,18.9,17.5,
C0Z1768,清水斷崖,2023/12/29 12:00,20.2,0,
C0Z1769,清水斷崖,2023/12/30 12:00,21.1,0,
C0Z1770,清水斷崖,2023/12/31 12:00,20.5,0,
C0Z1771,清水斷崖,2024/1/1 12:00,17.8,0,
C0Z1772,清水斷崖,2024/1/1 12:00,17.8,0,
C0Z1773,清水斷崖,2024/1/2 12:00,19.5,0,
C0Z1774,清水斷崖,2024/1/3 12:00,18.5,0,
C0Z1775,清水斷崖,2024/1/4 12:00,16.4,0,
C0Z1776,清水斷崖,2024/1/5 12:00,19.8,0,
C0Z1777,清水斷崖,2024/1/6 12:00,19.8,0,
C0Z1778,清水斷崖,2024/1/7 12:00,17.7,0,
C0Z1779,清水斷崖,2024/1/8 12:00,18.7,0,
C0Z1780,清水斷崖,2024/1/9 12:00,20.2,0,
C0Z1781,清水斷崖,2024/1/10 12:00,18.1,0,
C0Z1782,清水斷崖,2024/1/11 12:00,15.3,0,
C0Z1783,清水斷崖,2024/1/12 12:00,17.4,0,
C0Z1784,清水斷崖,2024/1/13 12:00,18.1,0,
C0Z1785,清水斷崖,2024/1/14 12:00,19.7,0,
C0Z1786,清水斷崖,2024/1/15 12:00,19.6,0,
C0Z1787,清水斷崖,2024/1/16 12:00,17.8,0,
C0Z1788,清水斷崖,2024/1/17 12:00,18.3,1,
C0Z1789,清水斷崖,2024/1/18 12:00,21,0,
C0Z1790,清水斷崖,2024/1/19 12:00,21.3,0.5,
C0Z1791,清水斷崖,2024/1/20 12:00,21.9,0,
C0Z1792,清水斷崖,2024/1/21 12:00,18,0.5,
C0Z1793,清水斷崖,2024/1/22 12:00,16.7,0.5,
C0Z1794,清水斷崖,2024/1/23 12:00,11.9,9,
C0Z1795,清水斷崖,2024/1/24 12:00,12.3,0,
C0Z1796,清水斷崖,2024/1/25 12:00,13.6,0,
C0Z1797,清水斷崖,2024/1/26 12:00,14.7,0,
C0Z1798,清水斷崖,2024/1/27 12:00,15.5,0,
C0Z1799,清水斷崖,2024/1/28 12:00,14.9,0.5,
C0Z1800,清水斷崖,2024/1/29 12:00,18.1,0,
C0Z1801,清水斷崖,2024/1/30 12:00,20.2,5,
C0Z1802,清水斷崖,2024/1/31 12:00,20.8,1,
C0Z1803,清水斷崖,2024/2/1 12:00,21.7,1,
C0Z1804,清水斷崖,2024/2/2 12:00,20.8,3,
C0Z1805,清水斷崖,2024/2/3 12:00,20,10.5,
C0Z1806,清水斷崖,2024/2/4 12:00,20.6,3,
C0Z1807,清水斷崖,2024/2/5 12:00,18.6,2.5,
C0Z1808,清水斷崖,2024/2/6 12:00,17.8,1.5,
C0Z1809,清水斷崖,2024/2/7 12:00,18.7,0.5,
C0Z1810,清水斷崖,2024/2/8 12:00,16.1,18.5,
C0Z1811,清水斷崖,2024/2/9 12:00,15.5,8,
C0Z1812,清水斷崖,2024/2/10 12:00,14,0,
C0Z1813,清水斷崖,2024/2/11 12:00,16.1,0,
C0Z1814,清水斷崖,2024/2/12 12:00,17,0,
C0Z1815,清水斷崖,2024/2/13 12:00,19.2,0,
C0Z1816,清水斷崖,2024/2/14 12:00,20.8,0,
C0Z1817,清水斷崖,2024/2/15 12:00,21.9,0,
C0Z1818,清水斷崖,2024/2/16 12:00,18,4,
C0Z1819,清水斷崖,2024/2/17 12:00,19.6,0,
C0Z1820,清水斷崖,2024/2/18 12:00,21.8,2.5,
C0Z1821,清水斷崖,2024/2/19 12:00,22.9,11.5,
C0Z1822,清水斷崖,2024/2/20 12:00,23,8,
C0Z1823,清水斷崖,2024/2/21 12:00,22.9,1,
C0Z1824,清水斷崖,2024/2/22 12:00,21.7,7,
C0Z1825,清水斷崖,2024/2/23 12:00,17.7,2,
C0Z1826,清水斷崖,2024/2/24 12:00,18.2,0,
C0Z1827,清水斷崖,2024/2/25 12:00,16,0,
C0Z1828,清水斷崖,2024/2/26 12:00,15.3,0,
C0Z1829,清水斷崖,2024/2/27 12:00,16.6,0,
C0Z1830,清水斷崖,2024/2/28 12:00,19.2,1,
C0Z1831,清水斷崖,2024/2/29 12:00,20,4,
C0Z1832,清水斷崖,2024/3/1 12:00,15.3,1,
C0Z1833,清水斷崖,2024/3/2 12:00,13.9,2.5,
C0Z1834,清水斷崖,2024/3/3 12:00,16.2,0,
C0Z1835,清水斷崖,2024/3/3 12:00,16.2,0,
C0Z1836,清水斷崖,2024/3/4 12:00,20.4,0,
C0Z1837,清水斷崖,2024/3/5 12:00,23.5,0,
C0Z1838,清水斷崖,2024/3/6 12:00,19,0,
C0Z1839,清水斷崖,2024/3/7 12:00,17.1,0,
C0Z1840,清水斷崖,2024/3/8 12:00,15.2,0,
C0Z1841,清水斷崖,2024/3/9 12:00,14.8,0,
C0Z1842,清水斷崖,2024/3/10 12:00,17.1,0,
C0Z1843,清水斷崖,2024/3/11 12:00,19,4,
C0Z1844,清水斷崖,2024/3/12 12:00,18,0,
C0Z1845,清水斷崖,2024/3/13 12:00,16.7,0,
C0Z1846,清水斷崖,2024/3/14 12:00,18.1,0,
C0Z1847,清水斷崖,2024/3/15 12:00,19.2,0,
C0Z1848,清水斷崖,2024/3/16 12:00,21.3,0,
C0Z1849,清水斷崖,2024/3/17 12:00,22.4,5.5,
C0Z1850,清水斷崖,2024/3/18 12:00,18.8,0,
C0Z1851,清水斷崖,2024/3/19 12:00,18.1,0.5,
C0Z1852,清水斷崖,2024/3/20 12:00,16.8,0,
C0Z1853,清水斷崖,2024/3/21 12:00,17.8,0,
C0Z1854,清水斷崖,2024/3/22 12:00,20.3,0,
C0Z1855,清水斷崖,2024/3/23 12:00,22.9,3,
C0Z1856,清水斷崖,2024/3/24 12:00,24,2.5,
C0Z1857,清水斷崖,2024/3/25 12:00,23.5,3.5,
C0Z1858,清水斷崖,2024/3/26 12:00,21.3,0,
C0Z1859,清水斷崖,2024/3/27 12:00,20.1,0,
C0Z1860,清水斷崖,2024/3/28 12:00,23.2,0,
C0Z1861,清水斷崖,2024/3/29 12:00,21.8,0,
C0Z1862,清水斷崖,2024/3/30 12:00,22.8,1,
C0Z1863,清水斷崖,2024/3/31 12:00,23,1,
C0Z1864,清水斷崖,2024/4/1 12:00,22.5,2.5,
C0Z1865,清水斷崖,2024/4/2 12:00,24,0,
C0Z1866,清水斷崖,2024/4/3 12:00,25.6,0,
C0Z1867,清水斷崖,2024/4/4 12:00,25.8,0,
C0Z1868,清水斷崖,2024/4/5 12:00,21.9,12,
C0Z1869,清水斷崖,2024/4/6 12:00,21.8,2,
C0Z1870,清水斷崖,2024/4/7 12:00,23.2,1,
C0Z1871,清水斷崖,2024/4/8 12:00,23.9,2.5,
C0Z1872,清水斷崖,2024/4/9 12:00,20,2,
C0Z1873,清水斷崖,2024/4/10 12:00,20.6,1,
C0Z1874,清水斷崖,2024/4/11 12:00,23.8,0,
C0Z1875,清水斷崖,2024/4/12 12:00,24.7,1.5,
C0Z1876,清水斷崖,2024/4/13 12:00,24.8,0,
C0Z1877,清水斷崖,2024/4/14 12:00,25.6,9.5,
C0Z1878,清水斷崖,2024/4/15 12:00,25.7,0.5,
C0Z1879,清水斷崖,2024/4/16 12:00,26.4,0,
C0Z1880,清水斷崖,2024/4/17 12:00,26.2,0,
C0Z1881,清水斷崖,2024/4/18 12:00,23.4,0,
C0Z1882,清水斷崖,2024/4/19 12:00,23.5,0,
C0Z1883,清水斷崖,2024/4/20 12:00,25.9,0,
C0Z1884,清水斷崖,2024/4/21 12:00,26,0,
C0Z1885,清水斷崖,2024/4/22 12:00,24.7,54,
C0Z1886,清水斷崖,2024/4/23 12:00,24.4,0.5,
C0Z1887,清水斷崖,2024/4/24 12:00,22,25.5,
C0Z1888,清水斷崖,2024/4/25 12:00,22.2,8,
C0Z1889,清水斷崖,2024/4/26 12:00,23.2,0.5,
C0Z1890,清水斷崖,2024/4/27 12:00,24.5,0.5,
C0Z1891,清水斷崖,2024/4/28 12:00,24.6,0.5,
C0Z1892,清水斷崖,2024/4/29 12:00,26.3,0,
C0Z1893,清水斷崖,2024/4/30 12:00,26.5,0,
C0Z1894,清水斷崖,2024/5/1 12:00,23.7,8,
C0Z1895,清水斷崖,2024/5/2 12:00,21.1,18,
C0Z1896,清水斷崖,2024/5/3 12:00,22.5,3.5,
C0Z1897,清水斷崖,2024/5/4 12:00,25.5,0,
C0Z1898,清水斷崖,2024/5/5 12:00,25.7,0,
C0Z1899,清水斷崖,2024/5/6 12:00,25.9,1,
C0Z1900,清水斷崖,2024/5/7 12:00,24.9,0.5,
C0Z1901,清水斷崖,2024/5/8 12:00,23.6,0.5,
C0Z1902,清水斷崖,2024/5/9 12:00,22.1,0,
C0Z1903,清水斷崖,2024/5/10 12:00,24,0,
C0Z1904,清水斷崖,2024/5/11 12:00,24.9,0,
C0Z1905,清水斷崖,2024/5/12 12:00,26.1,0,
C0Z1906,清水斷崖,2024/5/13 12:00,21.7,0,
C0Z1907,清水斷崖,2024/5/14 12:00,21.5,0,
C0Z1908,清水斷崖,2024/5/15 12:00,22.9,0,
C0Z1909,清水斷崖,2024/5/16 12:00,22.3,0,
C0Z1910,清水斷崖,2024/5/17 12:00,23.5,0,
C0Z1911,清水斷崖,2024/5/18 12:00,24.8,0,
C0Z1912,清水斷崖,2024/5/19 12:00,25.3,0,
C0Z1913,清水斷崖,2024/5/20 12:00,25.8,0,
C0Z1914,清水斷崖,2024/5/21 12:00,25.8,2,
C0Z1915,清水斷崖,2024/5/22 12:00,25.3,6,
C0Z1916,清水斷崖,2024/5/23 12:00,24.5,6,
C0Z1917,清水斷崖,2024/5/24 12:00,24.8,16.5,
C0Z1918,清水斷崖,2024/5/25 12:00,25.4,1,
C0Z1919,清水斷崖,2024/5/26 12:00,26.2,5,
C0Z1920,清水斷崖,2024/5/27 12:00,25.8,4.5,
C0Z1921,清水斷崖,2024/5/28 12:00,23.9,8,
C0Z1922,清水斷崖,2024/5/29 12:00,23.7,1,
C0Z1923,清水斷崖,2024/5/30 12:00,25.6,1.5,
C0Z1924,清水斷崖,2024/5/31 12:00,26.6,0.5,
C0Z1925,清水斷崖,2024/6/1 12:00,26.6,21,
C0Z1926,清水斷崖,2024/6/2 12:00,24.3,9,
C0Z1927,清水斷崖,2024/6/3 12:00,22,1,
C0Z1928,清水斷崖,2024/6/4 12:00,23.8,0,
C0Z1929,清水斷崖,2024/6/5 12:00,24.1,1.5,
C0Z1930,清水斷崖,2024/6/6 12:00,24.6,3.5,
C0Z1931,清水斷崖,2024/6/7 12:00,24.8,19,
C0Z1932,清水斷崖,2024/6/8 12:00,25.7,0.5,
C0Z1933,清水斷崖,2024/6/9 12:00,26,11,
C0Z1934,清水斷崖,2024/6/10 12:00,26.2,2.5,
C0Z1935,清水斷崖,2024/6/11 12:00,27,0,
C0Z1936,清水斷崖,2024/6/12 12:00,27,0,
C0Z1937,清水斷崖,2024/6/13 12:00,27,0,
C0Z1938,清水斷崖,2024/6/14 12:00,26.9,0,
C0Z1939,清水斷崖,2024/6/15 12:00,27.8,0,
C0Z1940,清水斷崖,2024/6/16 12:00,28.2,0,
C0Z1941,清水斷崖,2024/6/17 12:00,27.3,0,
C0Z1942,清水斷崖,2024/6/18 12:00,27.3,0,
C0Z1943,清水斷崖,2024/6/19 12:00,27.3,3,
C0Z1944,清水斷崖,2024/6/20 12:00,27.4,43.5,
C0Z1945,清水斷崖,2024/6/21 12:00,27.7,12,
C0Z1946,清水斷崖,2024/6/22 12:00,28.2,0,
C0Z1947,清水斷崖,2024/6/23 12:00,28.3,1,
C0Z1948,清水斷崖,2024/6/24 12:00,27.6,10.5,
C0Z1949,清水斷崖,2024/6/25 12:00,27.9,0,
C0Z1950,清水斷崖,2024/6/26 12:00,28.5,0,
C0Z1951,清水斷崖,2024/6/27 12:00,28.4,0,
C0Z1952,清水斷崖,2024/6/28 12:00,27.4,41,
C0Z1953,清水斷崖,2024/6/29 12:00,27.1,162.5,
C0Z1954,清水斷崖,2024/6/30 12:00,28,0,
C0Z1955,清水斷崖,2024/7/1 12:00,28.2,87.5,
C0Z1956,清水斷崖,2024/7/2 12:00,27.5,6,
C0Z1957,清水斷崖,2024/7/3 12:00,28.3,5,
C0Z1958,清水斷崖,2024/7/4 12:00,28.3,0,
C0Z1959,清水斷崖,2024/7/5 12:00,28.8,0,
C0Z1960,清水斷崖,2024/7/6 12:00,28.5,0,
C0Z1961,清水斷崖,2024/7/7 12:00,28.8,0,
C0Z1962,清水斷崖,2024/7/8 12:00,27.8,10.5,
C0Z1963,清水斷崖,2024/7/9 12:00,27.7,0,
C0Z1964,清水斷崖,2024/7/10 12:00,28.1,0,
C0Z1965,清水斷崖,2024/7/11 12:00,28,0,
C0Z1966,清水斷崖,2024/7/12 12:00,28.5,0,
C0Z1967,清水斷崖,2024/7/13 12:00,29,0,
C0Z1968,清水斷崖,2024/7/14 12:00,29.2,0,
C0Z1969,清水斷崖,2024/7/15 12:00,29.7,0,
C0Z1970,清水斷崖,2024/7/16 12:00,29.1,0,
C0Z1971,清水斷崖,2024/7/17 12:00,29.2,0,
C0Z1972,清水斷崖,2024/7/18 12:00,29.5,0,
C0Z1973,清水斷崖,2024/7/19 12:00,29.8,0,
C0Z1974,清水斷崖,2024/7/20 12:00,29.6,0,
C0Z1975,清水斷崖,2024/7/21 12:00,29.8,0,
C0Z1976,清水斷崖,2024/7/22 12:00,29.6,0,
C0Z1977,清水斷崖,2024/7/23 12:00,27,27,
C0Z1978,清水斷崖,2024/7/24 12:00,26.3,407.5,
C0Z1979,清水斷崖,2024/7/25 12:00,25.8,120,
C0Z1980,清水斷崖,2024/7/26 12:00,26.4,1,
C0Z1981,清水斷崖,2024/7/27 12:00,26,47.5,
C0Z1982,清水斷崖,2024/7/28 12:00,27.2,0,
C0Z1983,清水斷崖,2024/7/29 12:00,26.2,12,
C0Z1984,清水斷崖,2024/7/30 12:00,27.1,0,
C0Z1985,清水斷崖,2024/7/31 12:00,27.9,0,
C0Z1986,清水斷崖,2024/8/1 12:00,28.1,0,
C0Z1987,清水斷崖,2024/8/2 12:00,28.7,0,
C0Z1988,清水斷崖,2024/8/3 12:00,28.9,0,
C0Z1989,清水斷崖,2024/8/4 12:00,28.7,0,
C0Z1990,清水斷崖,2024/8/5 12:00,28,0,
C0Z1991,清水斷崖,2024/8/6 12:00,28.3,0,
C0Z1992,清水斷崖,2024/8/7 12:00,28.5,0,
C0Z1993,清水斷崖,2024/8/8 12:00,27.9,1,
C0Z1994,清水斷崖,2024/8/9 12:00,28.1,0.5,
C0Z1995,清水斷崖,2024/8/10 12:00,28.3,0,
C0Z1996,清水斷崖,2024/8/11 12:00,28.9,0,
C0Z1997,清水斷崖,2024/8/12 12:00,29.2,0,
C0Z1998,清水斷崖,2024/8/13 12:00,29,0,
C0Z1999,清水斷崖,2024/8/14 12:00,28.1,1,
C0Z2000,清水斷崖,2024/8/15 12:00,27,5.5,
C0Z2001,清水斷崖,2024/8/16 12:00,26.7,0,
C0Z2002,清水斷崖,2024/8/17 12:00,27.8,0,
C0Z2003,清水斷崖,2024/8/18 12:00,26.9,19,
C0Z2004,清水斷崖,2024/8/19 12:00,26.5,25.5,
C0Z2005,清水斷崖,2024/8/20 12:00,28.2,0,
C0Z2006,清水斷崖,2024/8/21 12:00,28.2,0,
C0Z2007,清水斷崖,2024/8/22 12:00,28.3,0,
C0Z2008,清水斷崖,2024/8/23 12:00,28.7,0,
C0Z2009,清水斷崖,2024/8/24 12:00,28.4,0,
C0Z2010,清水斷崖,2024/8/25 12:00,27.6,0,
C0Z2011,清水斷崖,2024/8/26 12:00,28.4,0,
C0Z2012,清水斷崖,2024/8/27 12:00,28.6,0,
C0Z2013,清水斷崖,2024/8/28 12:00,29,0,
C0Z2014,清水斷崖,2024/8/29 12:00,29.1,0,
C0Z2015,清水斷崖,2024/8/30 12:00,29.2,0,
C0Z2016,清水斷崖,2024/8/31 12:00,29,0,
C0Z2017,清水斷崖,2024/9/1 12:00,29.2,0,
C0Z2018,清水斷崖,2024/9/2 12:00,29.4,0,
C0Z2019,清水斷崖,2024/9/3 12:00,29.1,0,
C0Z2020,清水斷崖,2024/9/4 12:00,28.5,3.5,
C0Z2021,清水斷崖,2024/9/5 12:00,28.6,9,
C0Z2022,清水斷崖,2024/9/6 12:00,29.3,0,
C0Z2023,清水斷崖,2024/9/7 12:00,28.2,23,
C0Z2024,清水斷崖,2024/9/8 12:00,26.3,22.5,
C0Z2025,清水斷崖,2024/9/9 12:00,27.4,0,
C0Z2026,清水斷崖,2024/9/10 12:00,28.6,0,
C0Z2027,清水斷崖,2024/9/11 12:00,28.9,0,
C0Z2028,清水斷崖,2024/9/12 12:00,27.5,0,
C0Z2029,清水斷崖,2024/9/13 12:00,28,0.5,
C0Z2030,清水斷崖,2024/9/14 12:00,27,2,
C0Z2031,清水斷崖,2024/9/15 12:00,27.8,0,
C0Z2032,清水斷崖,2024/9/16 12:00,28,2.5,
C0Z2033,清水斷崖,2024/9/17 12:00,28.3,28,
C0Z2034,清水斷崖,2024/9/18 12:00,26.2,1,
C0Z2035,清水斷崖,2024/9/19 12:00,27.7,0,
C0Z2036,清水斷崖,2024/9/20 12:00,28.7,0,
C0Z2037,清水斷崖,2024/9/21 12:00,27.6,11.5,
C0Z2038,清水斷崖,2024/9/22 12:00,26.9,41.5,
C0Z2039,清水斷崖,2024/9/23 12:00,26.1,2.5,
C0Z2040,清水斷崖,2024/9/24 12:00,27.3,0,
C0Z2041,清水斷崖,2024/9/25 12:00,26.9,0,
C0Z2042,清水斷崖,2024/9/26 12:00,26.7,0,
C0Z2043,清水斷崖,2024/9/27 12:00,26,43.5,
C0Z2044,清水斷崖,2024/9/28 12:00,26.3,7,
C0Z2045,清水斷崖,2024/9/29 12:00,26.4,11.5,
C0Z2046,清水斷崖,2024/9/30 12:00,24.5,78,
C0Z2047,清水斷崖,2024/10/1 12:00,26.2,15,
C0Z2048,清水斷崖,2024/10/2 12:00,26.2,53.5,
C0Z2049,清水斷崖,2024/10/3 12:00,23.3,71.5,
C0Z2050,清水斷崖,2024/10/4 12:00,24.9,0,
C0Z2051,清水斷崖,2024/10/5 12:00,26,0,
C0Z2052,清水斷崖,2024/10/6 12:00,27,0,
C0Z2053,清水斷崖,2024/10/7 12:00,26.6,16,
C0Z2054,清水斷崖,2024/10/8 12:00,24.7,0.5,
C0Z2055,清水斷崖,2024/10/9 12:00,24.2,0,
C0Z2056,清水斷崖,2024/10/10 12:00,23.5,0,
C0Z2057,清水斷崖,2024/10/11 12:00,23.4,0,
C0Z2058,清水斷崖,2024/10/12 12:00,24.6,0,
C0Z2059,清水斷崖,2024/10/13 12:00,26.3,0,
C0Z2060,清水斷崖,2024/10/14 12:00,26.8,0,
C0Z2061,清水斷崖,2024/10/15 12:00,25.6,1.5,
C0Z2062,清水斷崖,2024/10/16 12:00,26.3,0,
C0Z2063,清水斷崖,2024/10/17 12:00,26.9,0,
C0Z2064,清水斷崖,2024/10/18 12:00,27,0,
C0Z2065,清水斷崖,2024/10/19 12:00,27.5,26,
C0Z2066,清水斷崖,2024/10/20 12:00,24.5,45,
C0Z2067,清水斷崖,2024/10/21 12:00,24.5,16,
C0Z2068,清水斷崖,2024/10/22 12:00,25.7,0,
C0Z2069,清水斷崖,2024/10/23 12:00,25.9,0,
C0Z2070,清水斷崖,2024/10/24 12:00,24.4,14.5,
C0Z2071,清水斷崖,2024/10/25 12:00,25.9,24,
C0Z2072,清水斷崖,2024/10/26 12:00,24.5,22.5,
C0Z2073,清水斷崖,2024/10/27 12:00,26.1,8.5,
C0Z2074,清水斷崖,2024/10/28 12:00,24.8,14,
C0Z2075,清水斷崖,2024/10/29 12:00,24.8,0,
C0Z2076,清水斷崖,2024/10/30 12:00,25.9,17.5,
C0Z2077,清水斷崖,2024/10/31 12:00,25.7,235.5,
C0Z2078,清水斷崖,2024/11/1 12:00,25.7,17,
C0Z2079,清水斷崖,2024/11/2 12:00,22.8,9,
C0Z2080,清水斷崖,2024/11/3 12:00,22.9,0,
C0Z2081,清水斷崖,2024/11/4 12:00,24,0,
C0Z2082,清水斷崖,2024/11/5 12:00,23.8,0,
C0Z2083,清水斷崖,2024/11/6 12:00,22.3,0,
C0Z2084,清水斷崖,2024/11/7 12:00,21.7,0,
C0Z2085,清水斷崖,2024/11/8 12:00,22,3.5,
C0Z2086,清水斷崖,2024/11/9 12:00,24.8,2,
C0Z2087,清水斷崖,2024/11/10 12:00,24,0,
C0Z2088,清水斷崖,2024/11/11 12:00,23.9,0,
C0Z2089,清水斷崖,2024/11/12 12:00,23.2,57.5,
C0Z2090,清水斷崖,2024/11/13 12:00,24,0,
C0Z2091,清水斷崖,2024/11/14 12:00,25.3,0.5,
C0Z2092,清水斷崖,2024/11/15 12:00,25.3,4,
C0Z2093,清水斷崖,2024/11/16 12:00,24.1,0,
C0Z2094,清水斷崖,2024/11/17 12:00,24.5,0,
C0Z2095,清水斷崖,2024/11/18 12:00,21.2,0,
C0Z2096,清水斷崖,2024/11/19 12:00,20.3,0,
C0Z2097,清水斷崖,2024/11/20 12:00,21.9,0,
C0Z2098,清水斷崖,2024/11/21 12:00,21.6,0,
C0Z2099,清水斷崖,2024/11/22 12:00,21.4,0,
C0Z2100,清水斷崖,2024/11/23 12:00,20.7,0,
C0Z2101,清水斷崖,2024/11/24 12:00,21.3,0,
C0Z2102,清水斷崖,2024/11/25 12:00,22.3,6,
C0Z2103,清水斷崖,2024/11/26 12:00,20.4,0,
C0Z2104,清水斷崖,2024/11/27 12:00,17.3,0,
C0Z2105,清水斷崖,2024/11/28 12:00,17.6,0,
C0Z2106,清水斷崖,2024/11/29 12:00,17.4,0,
C0Z2107,清水斷崖,2024/11/30 12:00,17.8,0,
C0Z2108,清水斷崖,2024/12/1 12:00,20.7,0,
C0Z2109,清水斷崖,2024/12/2 12:00,22.2,0,
C0Z2110,清水斷崖,2024/12/3 12:00,20.5,1,
C0Z2111,清水斷崖,2024/12/4 12:00,19.2,0,
C0Z2112,清水斷崖,2024/12/5 12:00,20,0,
C0Z2113,清水斷崖,2024/12/6 12:00,20.7,0,
C0Z2114,清水斷崖,2024/12/7 12:00,21.5,0,
C0Z2115,清水斷崖,2024/12/8 12:00,18.8,0,
C0Z2116,清水斷崖,2024/12/9 12:00,18.4,0,
C0Z2117,清水斷崖,2024/12/10 12:00,19.5,0,
C0Z2118,清水斷崖,2024/12/11 12:00,20.2,12.5,
C0Z2119,清水斷崖,2024/12/12 12:00,19.2,0,
C0Z2120,清水斷崖,2024/12/13 12:00,19.8,0,
C0Z2121,清水斷崖,2024/12/14 12:00,15.5,0,
C0Z2122,清水斷崖,2024/12/15 12:00,15,0,
C0Z2123,清水斷崖,2024/12/16 12:00,15.3,0,
C0Z2124,清水斷崖,2024/12/17 12:00,18.2,0,
C0Z2125,清水斷崖,2024/12/18 12:00,16.9,0,
C0Z2126,清水斷崖,2024/12/19 12:00,14.8,0,
C0Z2127,清水斷崖,2024/12/20 12:00,18.3,0,
C0Z2128,清水斷崖,2024/12/21 12:00,17.5,0,
C0Z2129,清水斷崖,2024/12/22 12:00,14.8,0,
C0Z2130,清水斷崖,2024/12/23 12:00,16.2,0.5,
C0Z2131,清水斷崖,2024/12/24 12:00,17.2,0,
C0Z2132,清水斷崖,2024/12/25 12:00,21.1,0,
C0Z2133,清水斷崖,2024/12/26 12:00,19.9,0,
C0Z2134,清水斷崖,2024/12/27 12:00,18.6,0,
C0Z2135,清水斷崖,2024/12/28 12:00,15.9,0,
C0Z2136,清水斷崖,2024/12/29 12:00,15.8,0,
C0Z2137,清水斷崖,2024/12/30 12:00,18.3,0,
C0Z2138,清水斷崖,2024/12/31 12:00,17.4,0,
C0Z2139,清水斷崖,2025/1/1 12:00,17.3,0,
C0Z2140,清水斷崖,2025/1/2 12:00,17.7,0,
C0Z2141,清水斷崖,2025/1/3 12:00,16.6,0,
C0Z2142,清水斷崖,2025/1/4 12:00,17.7,0,
C0Z2143,清水斷崖,2025/1/5 12:00,20,0,
C0Z2144,清水斷崖,2025/1/6 12:00,17.1,0,
C0Z2145,清水斷崖,2025/1/7 12:00,16.3,0,
C0Z2146,清水斷崖,2025/1/8 12:00,17,0,
C0Z2147,清水斷崖,2025/1/9 12:00,16.2,0,
C0Z2148,清水斷崖,2025/1/10 12:00,14.7,0,
C0Z2149,清水斷崖,2025/1/11 12:00,14.5,0,
C0Z2150,清水斷崖,2025/1/12 12:00,14.6,0,
C0Z2151,清水斷崖,2025/1/13 12:00,15.3,0,
C0Z2152,清水斷崖,2025/1/14 12:00,18.6,0,
C0Z2153,清水斷崖,2025/1/15 12:00,16,0.5,
C0Z2154,清水斷崖,2025/1/16 12:00,14.5,0,
C0Z2155,清水斷崖,2025/1/17 12:00,14.2,0,
C0Z2156,清水斷崖,2025/1/18 12:00,16.6,0,
C0Z2157,清水斷崖,2025/1/19 12:00,16.5,0.5,
C0Z2158,清水斷崖,2025/1/20 12:00,17.3,0,
C0Z2159,清水斷崖,2025/1/21 12:00,17.6,0,
C0Z2160,清水斷崖,2025/1/22 12:00,18.3,1,
C0Z2161,清水斷崖,2025/1/23 12:00,19.5,0,
C0Z2162,清水斷崖,2025/1/24 12:00,19.3,0,
C0Z2163,清水斷崖,2025/1/25 12:00,19.5,0,
C0Z2164,清水斷崖,2025/1/26 12:00,18.3,0,
C0Z2165,清水斷崖,2025/1/27 12:00,13.4,1,
C0Z2166,清水斷崖,2025/1/28 12:00,13.6,0,
C0Z2167,清水斷崖,2025/1/29 12:00,13.7,0,
C0Z2168,清水斷崖,2025/1/30 12:00,15.7,0,
C0Z2169,清水斷崖,2025/1/31 12:00,17.1,0,
C0Z2170,清水斷崖,2025/2/1 12:00,19.2,2,
C0Z2171,清水斷崖,2025/2/2 12:00,17.7,0,
C0Z2172,清水斷崖,2025/2/3 12:00,16.1,0,
C0Z2173,清水斷崖,2025/2/4 12:00,13.4,0,
C0Z2174,清水斷崖,2025/2/5 12:00,12.8,0,
C0Z2175,清水斷崖,2025/2/6 12:00,15.2,0,
C0Z2176,清水斷崖,2025/2/7 12:00,15.7,0,
C0Z2177,清水斷崖,2025/2/8 12:00,12.2,0,
C0Z2178,清水斷崖,2025/2/9 12:00,13.2,0,
C0Z2179,清水斷崖,2025/2/10 12:00,15.2,,
C0Z2180,清水斷崖,2025/2/11 12:00,19.1,,
C0Z2181,清水斷崖,2025/2/12 12:00,19,,
C0Z2182,清水斷崖,2025/2/13 12:00,16,,
C0Z2183,清水斷崖,2025/2/14 12:00,18.1,0,
C0Z2184,清水斷崖,2025/2/15 12:00,20.3,0,
C0Z2185,清水斷崖,2025/2/16 12:00,19.4,0,
C0Z2186,清水斷崖,2025/2/17 12:00,17.2,0,
C0Z2187,清水斷崖,2025/2/18 12:00,16.8,0,
C0Z2188,清水斷崖,2025/2/19 12:00,16.3,0,
C0Z2189,清水斷崖,2025/2/20 12:00,18.1,0.5,
C0Z2190,清水斷崖,2025/2/21 12:00,18,0,
C0Z2191,清水斷崖,2025/2/22 12:00,17.2,0,
C0Z2192,清水斷崖,2025/2/23 12:00,17.5,0.5,
C0Z2193,清水斷崖,2025/2/24 12:00,15.8,0,
C0Z2194,清水斷崖,2025/2/25 12:00,16.5,0,
C0Z2195,清水斷崖,2025/2/26 12:00,18.4,0,
C0Z2196,清水斷崖,2025/2/27 12:00,20,0,
C0Z2197,清水斷崖,2025/2/28 12:00,22,0,
C0Z2198,清水斷崖,2025/3/1 12:00,22,0,
C0Z2199,清水斷崖,2025/3/2 12:00,23.5,0.5,
C0Z2200,清水斷崖,2025/3/3 12:00,23.7,5.5,
C0Z2201,清水斷崖,2025/3/4 12:00,21,69.5,
C0Z2202,清水斷崖,2025/3/5 12:00,19.3,11.5,
C0Z2203,清水斷崖,2025/3/6 12:00,17.5,6,
C0Z2204,清水斷崖,2025/3/7 12:00,16.5,0,
C0Z2205,清水斷崖,2025/3/8 12:00,17.9,0,
C0Z2206,清水斷崖,2025/3/9 12:00,19.1,0,
C0Z2207,清水斷崖,2025/3/10 12:00,21,0,
C0Z2208,清水斷崖,2025/3/11 12:00,22.1,0,
C0Z2209,清水斷崖,2025/3/12 12:00,22.6,4.5,
C0Z2210,清水斷崖,2025/3/13 12:00,22.4,5.5,
C0Z2211,清水斷崖,2025/3/14 12:00,21,4.5,
C0Z2212,清水斷崖,2025/3/15 12:00,20.3,10,
C0Z2213,清水斷崖,2025/3/16 12:00,15.8,10.5,
C0Z2214,清水斷崖,2025/3/17 12:00,14,0.5,
C0Z2215,清水斷崖,2025/3/18 12:00,13.4,10,
C0Z2216,清水斷崖,2025/3/19 12:00,14.2,0.5,
C0Z2217,清水斷崖,2025/3/20 12:00,15.3,0,
C0Z2218,清水斷崖,2025/3/21 12:00,17.4,0,
C0Z2219,清水斷崖,2025/3/22 12:00,19.2,0,
C0Z2220,清水斷崖,2025/3/23 12:00,20.5,0,
C0Z2221,清水斷崖,2025/3/24 12:00,21.4,0,
C0Z2222,清水斷崖,2025/3/25 12:00,22.7,0,
C0Z2223,清水斷崖,2025/3/26 12:00,24.3,0,
C0Z2224,清水斷崖,2025/3/27 12:00,25.4,0,
C0Z2225,清水斷崖,2025/3/28 12:00,19.8,1.5,
C0Z2226,清水斷崖,2025/3/29 12:00,18,0,
C0Z2227,清水斷崖,2025/3/30 12:00,17.9,0,
C0Z2228,清水斷崖,2025/3/31 12:00,18.4,5.5,
C0Z2229,清水斷崖,2025/4/1 12:00,17.2,6,
C0Z2230,清水斷崖,2025/4/2 12:00,17.4,0,
C0Z2231,清水斷崖,2025/4/3 12:00,18.8,0,
C0Z2232,清水斷崖,2025/4/4 12:00,19.8,0,
C0Z2233,清水斷崖,2025/4/5 12:00,18.7,1,
C0Z2234,清水斷崖,2025/4/6 12:00,19.7,0,
C0Z2235,清水斷崖,2025/4/7 12:00,20,3.5,
C0Z2236,清水斷崖,2025/4/8 12:00,22.5,0,
C0Z2237,清水斷崖,2025/4/9 12:00,22.3,3.5,
C0Z2238,清水斷崖,2025/4/10 12:00,22.8,1,
C0Z2239,清水斷崖,2025/4/11 12:00,22.8,0.5,
C0Z2240,清水斷崖,2025/4/12 12:00,24.3,0,
C0Z2241,清水斷崖,2025/4/13 12:00,16.8,32,
C0Z2242,清水斷崖,2025/4/14 12:00,20.4,0,
C0Z2243,清水斷崖,2025/4/15 12:00,21.3,0,
C0Z2244,清水斷崖,2025/4/16 12:00,21.5,18.5,
C0Z2245,清水斷崖,2025/4/17 12:00,23.4,0,
C0Z2246,清水斷崖,2025/4/18 12:00,24.1,0,
C0Z2247,清水斷崖,2025/4/19 12:00,24.8,0,
C0Z2248,清水斷崖,2025/4/20 12:00,25.6,0,
C0Z2249,清水斷崖,2025/4/21 12:00,25.1,0,
C0Z2250,清水斷崖,2025/4/22 12:00,26.2,0,
C0Z2251,清水斷崖,2025/4/23 12:00,24.6,16.5,
C0Z2252,清水斷崖,2025/4/24 12:00,22.3,10,
C0Z2253,清水斷崖,2025/4/25 12:00,22.6,0,
C0Z2254,清水斷崖,2025/4/26 12:00,21.6,0.5,
C0Z2255,清水斷崖,2025/4/27 12:00,24.3,0,
C0Z2256,清水斷崖,2025/4/28 12:00,23.7,1,
C0Z2257,清水斷崖,2025/4/29 12:00,22,0,
C0Z2258,清水斷崖,2025/4/30 12:00,23.8,0,
C0Z2259,清水斷崖,2025/5/1 12:00,23.7,0,
C0Z2260,清水斷崖,2025/5/2 12:00,23.7,0,
C0Z2261,清水斷崖,2025/5/3 12:00,24.9,0.5,
C0Z2262,清水斷崖,2025/5/4 12:00,24.4,12,
C0Z2263,清水斷崖,2025/5/5 12:00,24.5,0,
C0Z2264,清水斷崖,2025/5/6 12:00,25.2,11,
C0Z2265,清水斷崖,2025/5/7 12:00,20.3,46.5,
C0Z2266,清水斷崖,2025/5/8 12:00,23.4,0,
C0Z2267,清水斷崖,2025/5/9 12:00,25.5,80.5,
C0Z2268,清水斷崖,2025/5/10 12:00,24,12.5,
C0Z2269,清水斷崖,2025/5/11 12:00,20.5,23,
C0Z2270,清水斷崖,2025/5/12 12:00,20.4,0,
C0Z2271,清水斷崖,2025/5/13 12:00,24.5,0,
C0Z2272,清水斷崖,2025/5/14 12:00,25.1,18.5,
C0Z2273,清水斷崖,2025/5/15 12:00,24.8,3.5,
C0Z2274,清水斷崖,2025/5/16 12:00,25.3,5,
C0Z2275,清水斷崖,2025/5/17 12:00,26.6,1,
C0Z2276,清水斷崖,2025/5/18 12:00,25.6,95.5,
C0Z2277,清水斷崖,2025/5/19 12:00,26.9,0,
C0Z2278,清水斷崖,2025/5/20 12:00,26.4,79.5,
C0Z2279,清水斷崖,2025/5/21 12:00,27.1,13,
C0Z2280,清水斷崖,2025/5/22 12:00,27.6,0,
C0Z2281,清水斷崖,2025/5/23 12:00,27.6,0,
C0Z2282,清水斷崖,2025/5/24 12:00,25.2,5,
C0Z2283,清水斷崖,2025/5/25 12:00,20.4,5.5,
C0Z2284,清水斷崖,2025/5/26 12:00,21.3,0,
C0Z2285,清水斷崖,2025/5/27 12:00,23.4,3,
C0Z2286,清水斷崖,2025/5/28 12:00,23.5,0,
C0Z2287,清水斷崖,2025/5/29 12:00,23,8,
C0Z2288,清水斷崖,2025/5/30 12:00,22.9,0,
C0Z2289,清水斷崖,2025/5/31 12:00,24.8,0,
C0Z2290,清水斷崖,2025/6/1 12:00,27,0,
C0Z2291,清水斷崖,2025/6/2 12:00,27.6,0,
C0Z2292,清水斷崖,2025/6/3 12:00,26.2,0.5,
C0Z2293,清水斷崖,2025/6/4 12:00,23.9,19.5,
C0Z2294,清水斷崖,2025/6/5 12:00,24.7,0.5,
C0Z2295,清水斷崖,2025/6/6 12:00,26.4,0,
C0Z2296,清水斷崖,2025/6/7 12:00,27.1,40.5,
C0Z2297,清水斷崖,2025/6/8 12:00,27,32,
C0Z2298,清水斷崖,2025/6/9 12:00,27.3,1.5,
C0Z2299,清水斷崖,2025/6/10 12:00,27.8,0,
C0Z2300,清水斷崖,2025/6/11 12:00,28.3,0,
C0Z2301,清水斷崖,2025/6/12 12:00,24.6,57,
C0Z2302,清水斷崖,2025/6/13 12:00,25,19,
C0Z2303,清水斷崖,2025/6/14 12:00,26.5,0,
C0Z2304,清水斷崖,2025/6/15 12:00,28.4,0,
C0Z2305,清水斷崖,2025/6/16 12:00,27.8,0,
C0Z2306,清水斷崖,2025/6/17 12:00,27.8,3,
C0Z2307,清水斷崖,2025/6/18 12:00,27,0,
C0Z2308,清水斷崖,2025/6/19 12:00,27.5,0,
C0Z2309,清水斷崖,2025/6/20 12:00,27.2,8,
C0Z2310,清水斷崖,2025/6/21 12:00,27.7,0,
C0Z2311,清水斷崖,2025/6/22 12:00,27.7,0,
C0Z2312,清水斷崖,2025/6/23 12:00,28.4,0,
C0Z2313,清水斷崖,2025/6/24 12:00,28.9,0,
C0Z2314,清水斷崖,2025/6/25 12:00,28.4,13,
C0Z2315,清水斷崖,2025/6/26 12:00,28.2,0,
C0Z2316,清水斷崖,2025/6/27 12:00,28.8,0,
C0Z2317,清水斷崖,2025/6/28 12:00,28.6,0,
C0Z2318,清水斷崖,2025/6/29 12:00,27.8,0,
C0Z2319,清水斷崖,2025/6/30 12:00,29,0,
C0Z2320,清水斷崖,2025/7/1 12:00,29.2,0,
C0Z2321,清水斷崖,2025/7/2 12:00,29.5,0,
C0Z2322,清水斷崖,2025/7/3 12:00,27.7,0.5,
C0Z2323,清水斷崖,2025/7/4 12:00,28.5,2.5,
C0Z2324,清水斷崖,2025/7/5 12:00,27.9,0,
C0Z2325,清水斷崖,2025/7/6 12:00,24.7,25,
C0Z2326,清水斷崖,2025/7/7 12:00,25.2,1.5,
C0Z2327,清水斷崖,2025/7/8 12:00,27.1,0,
C0Z2328,清水斷崖,2025/7/9 12:00,25.2,0,
C0Z2329,清水斷崖,2025/7/10 12:00,24.8,0,
C0Z2330,清水斷崖,2025/7/11 12:00,26.2,0,
C0Z2331,清水斷崖,2025/7/12 12:00,28,0,
C0Z2332,清水斷崖,2025/7/13 12:00,27.6,0,
C0Z2333,清水斷崖,2025/7/14 12:00,27.3,10.5,
C0Z2334,清水斷崖,2025/7/15 12:00,28.2,0,
C0Z2335,清水斷崖,2025/7/16 12:00,28.3,0,
C0Z2336,清水斷崖,2025/7/17 12:00,28.9,0,
C0Z2337,清水斷崖,2025/7/18 12:00,26.9,47,
C0Z2338,清水斷崖,2025/7/19 12:00,25.1,121.5,
C0Z2339,清水斷崖,2025/7/20 12:00,25,94,
C0Z2340,清水斷崖,2025/7/21 12:00,24.2,36.5,
C0Z2341,清水斷崖,2025/7/22 12:00,25.8,0.5,
C0Z2342,清水斷崖,2025/7/23 12:00,27,8.5,
C0Z2343,清水斷崖,2025/7/24 12:00,28.4,0,
C0Z2344,清水斷崖,2025/7/25 12:00,27.6,2,
C0Z2345,清水斷崖,2025/7/26 12:00,27.4,0.5,
C0Z2346,清水斷崖,2025/7/27 12:00,27.7,0,
C0Z2347,清水斷崖,2025/7/28 12:00,26.3,13,
C0Z2348,清水斷崖,2025/7/29 12:00,26.9,3,
C0Z2349,清水斷崖,2025/7/30 12:00,27.6,0,
C0Z2350,清水斷崖,2025/7/31 12:00,26,10,
C0Z2351,清水斷崖,2025/8/1 12:00,27.5,0,
C0Z2352,清水斷崖,2025/8/2 12:00,27.3,0,
C0Z2353,清水斷崖,2025/8/3 12:00,27.2,0.5,
C0Z2354,清水斷崖,2025/8/4 12:00,27.4,0.5,
C0Z2355,清水斷崖,2025/8/5 12:00,27.9,0,
C0Z2356,清水斷崖,2025/8/6 12:00,26.7,1,
C0Z2357,清水斷崖,2025/8/7 12:00,27.3,0,
C0Z2358,清水斷崖,2025/8/8 12:00,27.8,0,
C0Z2359,清水斷崖,2025/8/9 12:00,28.3,0,
C0Z2360,清水斷崖,2025/8/10 12:00,28.2,0,
C0Z2361,清水斷崖,2025/8/11 12:00,28.3,0,
C0Z2362,清水斷崖,2025/8/12 12:00,28.2,4.5,
C0Z2363,清水斷崖,2025/8/13 12:00,26.1,54.5,
C0Z2364,清水斷崖,2025/8/14 12:00,27.3,0,
C0Z2365,清水斷崖,2025/8/15 12:00,27.6,0.5,
C0Z2366,清水斷崖,2025/8/16 12:00,27.7,0,
C0Z2367,清水斷崖,2025/8/17 12:00,27.7,0,
C0Z2368,清水斷崖,2025/8/18 12:00,27,23.5,
C0Z2369,清水斷崖,2025/8/19 12:00,26.9,0,
C0Z2370,清水斷崖,2025/8/20 12:00,27.3,0,
C0Z2371,清水斷崖,2025/8/21 12:00,27.9,0,
C0Z2372,清水斷崖,2025/8/22 12:00,28.4,0,
C0Z2373,清水斷崖,2025/8/23 12:00,28.3,0,
C0Z2374,清水斷崖,2025/8/24 12:00,28.5,0,
C0Z2375,清水斷崖,2025/8/25 12:00,28.2,0,
C0Z2376,清水斷崖,2025/8/26 12:00,27.7,0,
C0Z2377,清水斷崖,2025/8/27 12:00,27.1,0,
C0Z2378,清水斷崖,2025/8/28 12:00,27.7,2.5,
C0Z2379,清水斷崖,2025/8/29 12:00,27.8,1,
C0Z2380,清水斷崖,2025/8/30 12:00,27.8,0,
C0Z2381,清水斷崖,2025/8/31 12:00,26.8,0.5,
C0Z2382,清水斷崖,2025/9/1 12:00,27.3,0,
C0Z2383,清水斷崖,2025/9/2 12:00,27.7,0,
C0Z2384,清水斷崖,2025/9/3 12:00,28.2,0,
C0Z2385,清水斷崖,2025/9/4 12:00,28.2,0,
C0Z2386,清水斷崖,2025/9/5 12:00,28.8,0,
C0Z2387,清水斷崖,2025/9/6 12:00,29.1,0,
C0Z2388,清水斷崖,2025/9/7 12:00,28.9,0,
C0Z2389,清水斷崖,2025/9/8 12:00,26.9,36,
C0Z2390,清水斷崖,2025/9/9 12:00,28.3,0,
C0Z2391,清水斷崖,2025/9/10 12:00,28.2,0,
C0Z2392,清水斷崖,2025/9/11 12:00,28.4,0,
C0Z2393,清水斷崖,2025/9/12 12:00,28.5,0,
C0Z2394,清水斷崖,2025/9/13 12:00,28.7,0,
C0Z2395,清水斷崖,2025/9/14 12:00,27.8,0.5,
C0Z2396,清水斷崖,2025/9/15 12:00,28.9,0,
C0Z2397,清水斷崖,2025/9/16 12:00,28.4,0,
C0Z2398,清水斷崖,2025/9/17 12:00,28.4,2,
C0Z2399,清水斷崖,2025/9/18 12:00,27.7,4,
C0Z2400,清水斷崖,2025/9/19 12:00,27.1,0,
C0Z2401,清水斷崖,2025/9/20 12:00,27.8,0,
C0Z2402,清水斷崖,2025/9/21 12:00,27.2,10,
C0Z2403,清水斷崖,2025/9/22 12:00,24.9,184,
C0Z2404,清水斷崖,2025/9/23 12:00,25.5,206.5,
C0Z2405,清水斷崖,2025/9/24 12:00,27,6.5,
C0Z2406,清水斷崖,2025/9/25 12:00,27.1,0,
C0Z2407,清水斷崖,2025/9/26 12:00,25.1,3.5,
C0Z2408,清水斷崖,2025/9/27 12:00,27.5,0,
C0Z2409,清水斷崖,2025/9/28 12:00,27.7,0,
C0Z2410,清水斷崖,2025/9/29 12:00,27.4,0.5,
C0Z2411,清水斷崖,2025/9/30 12:00,27,0,
C0Z2412,清水斷崖,2025/10/1 12:00,27.1,0,
C0Z2413,清水斷崖,2025/10/2 12:00,27.3,0,
C0Z2414,清水斷崖,2025/10/3 12:00,27.9,0,
C0Z2415,清水斷崖,2025/10/4 12:00,27.6,0,
C0Z2416,清水斷崖,2025/10/5 12:00,27.7,0,
C0Z2417,清水斷崖,2025/10/6 12:00,27.1,0,
C0Z2418,清水斷崖,2025/10/7 12:00,27.7,0,
C0Z2419,清水斷崖,2025/10/8 12:00,28,0,
C0Z2420,清水斷崖,2025/10/9 12:00,27.4,0,
C0Z2421,清水斷崖,2025/10/10 12:00,26.8,0,
C0Z2422,清水斷崖,2025/10/11 12:00,27.2,0,
C0Z2423,清水斷崖,2025/10/12 12:00,27.2,0,
C0Z2424,清水斷崖,2025/10/13 12:00,27.7,0,
C0Z2425,清水斷崖,2025/10/14 12:00,26.8,0.5,
C0Z2426,清水斷崖,2025/10/15 12:00,27.2,0,
C0Z2427,清水斷崖,2025/10/16 12:00,27.4,0,
C0Z2428,清水斷崖,2025/10/17 12:00,27.2,0,
C0Z2429,清水斷崖,2025/10/18 12:00,27.8,0,
C0Z2430,清水斷崖,2025/10/19 12:00,24.1,53.5,
C0Z2431,清水斷崖,2025/10/20 12:00,24.9,63.5,
C0Z2432,清水斷崖,2025/10/21 12:00,27.3,1.5,
C0Z2433,清水斷崖,2025/10/22 12:00,26.8,0.5,
C0Z2434,清水斷崖,2025/10/23 12:00,25.2,0,
C0Z2435,清水斷崖,2025/10/24 12:00,25,0,
C0Z2436,清水斷崖,2025/10/25 12:00,24.6,0.5,
C0Z2437,清水斷崖,2025/10/26 12:00,24.6,0,
C0Z2438,清水斷崖,2025/10/27 12:00,23,2,
C0Z2439,清水斷崖,2025/10/28 12:00,21.7,5.5,
C0Z2440,清水斷崖,2025/10/29 12:00,21.9,6,
C0Z2441,清水斷崖,2025/10/30 12:00,24.1,0,
C0Z2442,清水斷崖,2025/10/31 12:00,23.6,0.5,
C0Z2443,清水斷崖,2025/11/1 12:00,21.1,1.5,
C0Z2444,清水斷崖,2025/11/2 12:00,20.2,2.5,
C0Z2445,清水斷崖,2025/11/3 12:00,21.3,0,
C0Z2446,清水斷崖,2025/11/4 12:00,22.6,0,
C0Z2447,清水斷崖,2025/11/5 12:00,24,0,
C0Z2448,清水斷崖,2025/11/6 12:00,23.5,0,
C0Z2449,清水斷崖,2025/11/7 12:00,25.2,0,
C0Z2450,清水斷崖,2025/11/8 12:00,24.3,0,
C0Z2451,清水斷崖,2025/11/9 12:00,24.6,0,
C0Z2452,清水斷崖,2025/11/10 12:00,23,72.5,
C0Z2453,清水斷崖,2025/11/11 12:00,23.2,106,
C0Z2454,清水斷崖,2025/11/12 12:00,24.2,19,
C0Z2455,清水斷崖,2025/11/13 12:00,24.2,0,
C0Z2456,清水斷崖,2025/11/14 12:00,22.7,0,
C0Z2457,清水斷崖,2025/11/15 12:00,22,0,
C0Z2458,清水斷崖,2025/11/16 12:00,23.7,0,
C0Z2459,清水斷崖,2025/11/17 12:00,23.6,0,
C0Z2460,清水斷崖,2025/11/18 12:00,22.1,0,
C0Z2461,清水斷崖,2025/11/19 12:00,18.7,0,
C0Z2462,清水斷崖,2025/11/20 12:00,19,0,
C0Z2463,清水斷崖,2025/11/21 12:00,20.4,0,
C0Z2464,清水斷崖,2025/11/22 12:00,20.9,0,
C0Z2465,清水斷崖,2025/11/23 12:00,22.7,0,
C0Z2466,清水斷崖,2025/11/24 12:00,23.2,0,
C0Z2467,清水斷崖,2025/11/25 12:00,20.4,0,
C0Z2468,清水斷崖,2025/11/26 12:00,19.3,0,
C0Z2469,清水斷崖,2025/11/27 12:00,19,0,
C0Z2470,清水斷崖,2025/11/28 12:00,18.3,0,
C0Z2471,清水斷崖,2025/11/29 12:00,20.6,0,
C0Z2472,清水斷崖,2025/11/30 12:00,22.5,0,
C0Z2473,清水斷崖,2025/12/1 12:00,22.5,0,
C0Z2474,清水斷崖,2025/12/2 12:00,22.8,0,
C0Z2475,清水斷崖,2025/12/3 12:00,20.2,0,
C0Z2476,清水斷崖,2025/12/4 12:00,18.2,0,
C0Z2477,清水斷崖,2025/12/5 12:00,19.2,0,
C0Z2478,清水斷崖,2025/12/6 12:00,19.2,0,
C0Z2479,清水斷崖,2025/12/7 12:00,20.3,4,
C0Z2480,清水斷崖,2025/12/8 12:00,21.4,0,
C0Z2481,清水斷崖,2025/12/9 12:00,18.9,23,
C0Z2482,清水斷崖,2025/12/10 12:00,21.2,1,
C0Z2483,清水斷崖,2025/12/11 12:00,21.3,0,
C0Z2484,清水斷崖,2025/12/12 12:00,21,0,
C0Z2485,清水斷崖,2025/12/13 12:00,21.7,0.5,
C0Z2486,清水斷崖,2025/12/14 12:00,16.4,0,
C0Z2487,清水斷崖,2025/12/15 12:00,17.9,0,
C0Z2488,清水斷崖,2025/12/16 12:00,19.7,0,
C0Z2489,清水斷崖,2025/12/17 12:00,21.6,0,
C0Z2490,清水斷崖,2025/12/18 12:00,19,5.5,
C0Z2491,清水斷崖,2025/12/19 12:00,20.1,2,
C0Z2492,清水斷崖,2025/12/20 12:00,19.4,6.5,
C0Z2493,清水斷崖,2025/12/21 12:00,20.7,0,
C0Z2494,清水斷崖,2025/12/22 12:00,19.3,0,
C0Z2495,清水斷崖,2025/12/23 12:00,20.7,0,
C0Z2496,清水斷崖,2025/12/24 12:00,20.9,4,
C0Z2497,清水斷崖,2025/12/25 12:00,18.2,0.5,
C0Z2498,清水斷崖,2025/12/26 12:00,14.6,1.5,
C0Z2499,清水斷崖,2025/12/27 12:00,17,1,
C0Z2500,清水斷崖,2025/12/28 12:00,19.1,0,
C0Z2501,清水斷崖,2025/12/29 12:00,19.1,0,
C0Z2502,清水斷崖,2025/12/30 12:00,20.8,0,
C0Z2503,清水斷崖,2025/12/31 12:00,21,0,
C0Z2504,清水斷崖,2026/1/1 12:00,18.9,0,
C0Z2505,清水斷崖,2026/1/2 12:00,15.6,0.5,
C0Z2506,清水斷崖,2026/1/3 12:00,15.1,0,
C0Z2507,清水斷崖,2026/1/4 12:00,17.3,0,
C0Z2508,清水斷崖,2026/1/5 12:00,19.1,0,
C0Z2509,清水斷崖,2026/1/6 12:00,16.1,0,
C0Z2510,清水斷崖,2026/1/7 12:00,14.1,0,
C0Z2511,清水斷崖,2026/1/8 12:00,14.3,0,
C0Z2512,清水斷崖,2026/1/9 12:00,14.4,0,
C0Z2513,清水斷崖,2026/1/10 12:00,15.9,0,
C0Z2514,清水斷崖,2026/1/11 12:00,15.8,0,
C0Z2515,清水斷崖,2026/1/12 12:00,16.3,0,
C0Z2516,清水斷崖,2026/1/13 12:00,18.3,0,
C0Z2517,清水斷崖,2026/1/14 12:00,19.2,0,
C0Z2518,清水斷崖,2026/1/15 12:00,20.1,0,
C0Z2519,清水斷崖,2026/1/16 12:00,19.2,0,
C0Z2520,清水斷崖,2026/1/17 12:00,19.1,0,
C0Z2521,清水斷崖,2026/1/18 12:00,19.7,0,
C0Z2522,清水斷崖,2026/1/19 12:00,20.4,0,
C0Z2523,清水斷崖,2026/1/20 12:00,17.9,0,
C0Z2524,清水斷崖,2026/1/21 12:00,16.2,0,
C0Z2525,清水斷崖,2026/1/22 12:00,15.8,0,
C0Z2526,清水斷崖,2026/1/23 12:00,16.7,0,
C0Z2527,清水斷崖,2026/1/24 12:00,16.5,12.5,
C0Z2528,清水斷崖,2026/1/25 12:00,16.7,22.5,
C0Z2529,清水斷崖,2026/1/26 12:00,19,7.5,
C0Z2530,清水斷崖,2026/1/27 12:00,18.6,0,
C0Z2531,清水斷崖,2026/1/28 12:00,17.4,0,
C0Z2532,清水斷崖,2026/1/29 12:00,17.1,4,
C0Z2533,清水斷崖,2026/1/30 12:00,17.2,1.5,
C0Z2534,清水斷崖,2026/1/31 12:00,19.1,0,
C0Z2535,清水斷崖,2026/2/1 12:00,17.3,0.5,
C0Z2536,清水斷崖,2026/2/2 12:00,17.3,2,
C0Z2537,清水斷崖,2026/2/3 12:00,16.6,0,
C0Z2538,清水斷崖,2026/2/4 12:00,18.7,0,
C0Z2539,清水斷崖,2026/2/5 12:00,19.9,0,
C0Z2540,清水斷崖,2026/2/6 12:00,20.8,0,
C0Z2541,清水斷崖,2026/2/7 12:00,17.6,0,
C0Z2542,清水斷崖,2026/2/8 12:00,13.7,0,
C0Z2543,清水斷崖,2026/2/9 12:00,14,0,
C0Z2544,清水斷崖,2026/2/10 12:00,18.2,0,
C0Z2545,清水斷崖,2026/2/11 12:00,18.9,0,
C0Z2546,清水斷崖,2026/2/12 12:00,18,0,
C0Z2547,清水斷崖,2026/2/13 12:00,19.4,5.5,
C0Z2548,清水斷崖,2026/2/14 12:00,21.2,0,
C0Z2549,清水斷崖,2026/2/15 12:00,22.3,0,
C0Z2550,清水斷崖,2026/2/16 12:00,22.4,0,
C0Z2551,清水斷崖,2026/2/17 12:00,18.6,0,
C0Z2552,清水斷崖,2026/2/18 12:00,16.9,0,
C0Z2553,清水斷崖,2026/2/19 12:00,17.4,0,
C0Z2554,清水斷崖,2026/2/20 12:00,19.1,0.5,
C0Z2555,清水斷崖,2026/2/21 12:00,20.7,0,
C0Z2556,清水斷崖,2026/2/22 12:00,21.3,9,
C0Z2557,清水斷崖,2026/2/23 12:00,20.7,0.5,
C0Z2558,清水斷崖,2026/2/24 12:00,22.3,0,
C0Z2559,清水斷崖,2026/2/25 12:00,19.7,0,
C0Z2560,清水斷崖,2026/2/26 12:00,21.1,0,
C0Z2561,清水斷崖,2026/2/27 12:00,21.4,21,
C0Z2562,清水斷崖,2026/2/28 12:00,18.7,6,
C0Z2563,清水斷崖,2026/3/1 12:00,20.8,3.5,
C0Z2564,清水斷崖,2026/3/2 12:00,23.8,0,
C0Z2565,清水斷崖,2026/3/3 12:00,17.7,4,
C0Z2566,清水斷崖,2026/3/4 12:00,18.6,0,
C0Z2567,清水斷崖,2026/3/5 12:00,19.7,130.5,
C0Z2568,清水斷崖,2026/3/6 12:00,18.7,4,
C0Z2569,清水斷崖,2026/3/7 12:00,17.7,0,
C0Z2570,清水斷崖,2026/3/8 12:00,18.3,4,
C0Z2571,清水斷崖,2026/3/9 12:00,17.4,3,
C0Z2572,清水斷崖,2026/3/10 12:00,15.6,0.5,
C0Z2573,清水斷崖,2026/3/11 12:00,17.2,0,
C0Z2574,清水斷崖,2026/3/12 12:00,17.7,0,
C0Z2575,清水斷崖,2026/3/13 12:00,15.6,0,
C0Z2576,清水斷崖,2026/3/14 12:00,17.7,0,
C0Z2577,清水斷崖,2026/3/15 12:00,20.3,0,
C0Z2578,清水斷崖,2026/3/16 12:00,19.6,1,
C0Z2579,清水斷崖,2026/3/17 12:00,20.4,0.5,
C0Z2580,清水斷崖,2026/3/18 12:00,20.7,6.5,
C0Z2581,清水斷崖,2026/3/19 12:00,20.8,1,
C0Z2582,清水斷崖,2026/3/20 12:00,20.9,0,
C0Z2583,清水斷崖,2026/3/21 12:00,21.3,0,
C0Z2584,清水斷崖,2026/3/22 12:00,21.4,0,
C0Z2585,清水斷崖,2026/3/23 12:00,22.8,0.5,
C0Z2586,清水斷崖,2026/3/24 12:00,22.2,17,
C0Z2587,清水斷崖,2026/3/25 12:00,21.3,0,
C0Z2588,清水斷崖,2026/3/26 12:00,19.6,0,
C0Z2589,清水斷崖,2026/3/27 12:00,20.9,0,
C0Z2590,清水斷崖,2026/3/28 12:00,21.9,0,
C0Z2591,清水斷崖,2026/3/29 12:00,23,0,
C0Z2592,清水斷崖,2026/3/30 12:00,24,0,
C0Z2593,清水斷崖,2026/3/31 12:00,24.6,0,
C0Z2594,清水斷崖,2026/4/1 12:00,21.9,0,
C0Z2595,清水斷崖,2026/4/2 12:00,20.8,0,
C0Z2596,清水斷崖,2026/4/3 12:00,20.6,4,
C0Z2597,清水斷崖,2026/4/4 12:00,20.9,7.5,
C0Z2598,清水斷崖,2026/4/5 12:00,22.1,0.5,
C0Z2599,清水斷崖,2026/4/6 12:00,22.9,8.5,
C0Z2600,清水斷崖,2026/4/7 12:00,22.4,3,
C0Z2601,清水斷崖,2026/4/8 12:00,22.1,0,
C0Z2602,清水斷崖,2026/4/9 12:00,23.5,1.5,
C0Z2603,清水斷崖,2026/4/10 12:00,24.9,0,
C0Z2604,清水斷崖,2026/4/11 12:00,24.6,0,
C0Z2605,清水斷崖,2026/4/12 12:00,24.9,0,
C0Z2606,清水斷崖,2026/4/13 12:00,25.4,0,
C0Z2607,清水斷崖,2026/4/14 12:00,25.3,0,
C0Z2608,清水斷崖,2026/4/15 12:00,25.4,0,
C0Z2609,清水斷崖,2026/4/16 12:00,25,0,
C0Z2610,清水斷崖,2026/4/17 12:00,24.5,0.5,
C0Z2611,清水斷崖,2026/4/18 12:00,23.6,1.5,
C0Z2612,清水斷崖,2026/4/19 12:00,22.2,0,
C0Z2613,清水斷崖,2026/4/20 12:00,23.5,4,
C0Z2614,清水斷崖,2026/4/21 12:00,21.7,13,
C0Z2615,清水斷崖,2026/4/22 12:00,23.6,2.5,
C0Z2616,清水斷崖,2026/4/23 12:00,24.6,0,
C0Z2617,清水斷崖,2026/4/24 12:00,20.7,3.5,
C0Z2618,清水斷崖,2026/4/25 12:00,19.3,10.5,
C0Z2619,清水斷崖,2026/4/26 12:00,21.7,0,
C0Z2620,清水斷崖,2026/4/27 12:00,23.8,0,
C0Z2621,清水斷崖,2026/4/28 12:00,23.3,6.5,
C0Z2622,清水斷崖,2026/4/29 12:00,24.5,0,
C0Z2623,清水斷崖,2026/4/30 12:00,20.8,2.5,
C0Z2624,清水斷崖,2026/5/1 12:00,20.3,0.5,
C0Z2625,清水斷崖,2026/5/2 12:00,22.8,0,
C0Z2626,清水斷崖,2026/5/3 12:00,25,20,
C0Z2627,清水斷崖,2026/5/4 12:00,21.2,2,
C0Z2628,清水斷崖,2026/5/5 12:00,19.8,13.5,
C0Z2629,清水斷崖,2026/5/6 12:00,23.2,0.5,
C0Z2630,清水斷崖,2026/5/7 12:00,24.8,0,
C0Z2631,清水斷崖,2026/5/8 12:00,24.2,3.5,
C0Z2632,清水斷崖,2026/5/9 12:00,22.1,0,
C0Z2633,清水斷崖,2026/5/10 12:00,23.5,0,
C0Z2634,清水斷崖,2026/5/11 12:00,25,1,
C0Z2635,清水斷崖,2026/5/12 12:00,23.6,6,
C0Z2636,清水斷崖,2026/5/13 12:00,23.6,2,
C0Z2637,清水斷崖,2026/5/14 12:00,22.9,1.5,
C0Z2638,清水斷崖,2026/5/15 12:00,22.1,42,
C0Z2639,清水斷崖,2026/5/16 12:00,23,2,
C0Z2640,清水斷崖,2026/5/17 12:00,23,0,
C0Z2641,清水斷崖,2026/5/18 12:00,23.6,0,
C0Z2642,清水斷崖,2026/5/19 12:00,24.6,0,
C0Z2643,清水斷崖,2026/5/20 12:00,24.7,3.5,
C0Z2644,清水斷崖,2026/5/21 12:00,26.5,0,
C0Z2645,清水斷崖,2026/5/22 12:00,26.7,0,
C0Z2646,清水斷崖,2026/5/23 12:00,25.9,0.5,
C0Z2647,清水斷崖,2026/5/24 12:00,27.4,0,
C0Z2648,清水斷崖,2026/5/25 12:00,27.4,0,
C0Z2649,清水斷崖,2026/5/26 12:00,27.3,0,
C0Z2650,清水斷崖,2026/5/27 12:00,28.1,0,
C0Z2651,清水斷崖,2026/5/28 12:00,28,0,
C0Z2652,清水斷崖,2026/5/29 12:00,26.6,1,
C0Z2653,清水斷崖,2026/5/30 12:00,25.2,0,
C0Z2654,清水斷崖,2026/5/31 12:00,25,0,
C0Z2655,清水斷崖,2026/6/1 12:00,27,0,
C0Z2656,清水斷崖,2026/6/2 12:00,27.1,0,
C0Z2657,清水斷崖,2026/6/3 12:00,27.5,47.5,
C0Z2658,清水斷崖,2026/6/4 12:00,26.7,2.5,
C0Z2659,清水斷崖,2026/6/5 12:00,25.4,25.5,
C0Z2660,清水斷崖,2026/6/6 12:00,27.1,0,
C0Z2661,清水斷崖,2026/6/7 12:00,26.1,17,
C0Z2662,清水斷崖,2026/6/8 12:00,26.3,5,
C0Z2663,清水斷崖,2026/6/9 12:00,24.7,48,
C0Z2664,清水斷崖,2026/6/10 12:00,23.6,11,
C0Z2665,清水斷崖,2026/6/11 12:00,22.9,17,
C0Z2666,清水斷崖,2026/6/12 12:00,23.9,10,
C0Z2667,清水斷崖,2026/6/13 12:00,25,0,
C0Z2668,清水斷崖,2026/6/14 12:00,24.3,5.5,
C0Z2669,清水斷崖,2026/6/15 12:00,24.6,5,
C0Z2670,清水斷崖,2026/6/16 12:00,25.6,0.5,
C0Z2671,清水斷崖,2026/6/17 12:00,26.7,0,
C0Z2672,清水斷崖,2026/6/18 12:00,27.1,0,
C0Z2673,清水斷崖,2026/6/19 12:00,27.6,0,
C0Z2674,清水斷崖,2026/6/20 12:00,27.9,0,
C0Z2675,清水斷崖,2026/6/21 12:00,28.1,0,
C0Z2676,清水斷崖,2026/6/22 12:00,27.1,0,
C0Z2677,清水斷崖,2026/6/23 12:00,27.6,0,
C0Z2678,清水斷崖,2026/6/24 12:00,27.6,0,
C0Z2679,清水斷崖,2026/6/25 12:00,26.9,6.5,
C0Z2680,清水斷崖,2026/6/26 12:00,25,26.5,
C0Z2681,清水斷崖,2026/6/27 12:00,25.2,3,
C0Z2682,清水斷崖,2026/6/28 12:00,26.2,19.5,
C0Z2683,清水斷崖,2026/6/29 12:00,27.1,0,
C0Z2684,清水斷崖,2026/6/30 12:00,28.1,0,
C0Z2685,清水斷崖,2026/7/1 12:00,28.3,0,
C0Z2686,清水斷崖,2026/7/2 12:00,28.3,1,
C0Z2687,清水斷崖,2026/7/3 12:00,28.1,0,
C0Z2688,清水斷崖,2026/7/4 12:00,28.2,0,
C0Z2689,清水斷崖,2026/7/5 12:00,28.3,0,
C0Z2690,清水斷崖,2026/7/6 12:00,28.5,0,
C0Z2691,清水斷崖,2026/7/7 12:00,28.5,1,
C0Z2692,清水斷崖,2026/7/8 12:00,28.3,0,
C0Z2693,清水斷崖,2026/7/9 12:00,28.8,0,
C0Z2694,清水斷崖,2026/7/10 12:00,30.9,0,
C0Z2695,清水斷崖,2026/7/11 12:00,26.5,10,
C0Z2696,清水斷崖,2026/7/12 12:00,28.1,0,
C0Z2697,清水斷崖,2026/7/13 12:00,28.4,0,
C0Z2698,清水斷崖,2026/7/14 12:00,28.6,0,
C0Z2699,清水斷崖,2026/7/15 12:00,28.6,0,
C0Z2700,清水斷崖,2026/7/16 12:00,29,0,
C0Z2701,清水斷崖,2026/7/17 12:00,29.1,0,
C0Z2702,清水斷崖,2026/7/18 12:00,29,0,
C0Z2703,清水斷崖,2026/7/19 12:00,28.7,0,
C0Z2704,清水斷崖,2026/7/20 12:00,28.7,1,
C0Z2705,清水斷崖,2026/7/21 12:00,29,0,
C0Z2706,清水斷崖,2026/7/22 12:00,28.4,2.5,
C0Z2707,清水斷崖,2026/7/23 12:00,28.6,0,
C0Z2708,清水斷崖,2026/7/24 12:00,29.4,0.5,
C0Z2709,清水斷崖,2026/7/25 12:00,27.9,11,
C0Z2710,清水斷崖,2026/7/26 12:00,28.5,0,
C0Z2711,清水斷崖,2026/7/27 12:00,28.3,0,
C0Z2712,清水斷崖,2026/7/28 12:00,28.6,0,
C0Z2713,清水斷崖,2026/7/29 12:00,28.8,0,
C0Z2714,清水斷崖,2026/7/30 12:00,28.5,0,
C0Z2715,清水斷崖,2026/7/31 12:00,28.6,0,
C0Z2716,清水斷崖,2026/8/1 12:00,29,0,
C0Z2717,清水斷崖,2026/8/2 12:00,28.8,0,
C0Z2718,清水斷崖,2026/8/3 12:00,28.8,0,
C0Z2719,清水斷崖,2026/8/4 12:00,28.6,0,
C0Z2720,清水斷崖,2026/8/5 12:00,28.9,0,
C0Z2721,清水斷崖,2026/8/6 12:00,29.3,0.5,
C0Z2722,清水斷崖,2026/8/7 12:00,29.6,0,
C0Z2723,清水斷崖,2026/8/8 12:00,30.4,0,
C0Z2724,清水斷崖,2026/8/9 12:00,26,12,
C0Z2725,清水斷崖,2026/8/10 12:00,28.6,0,
C0Z2726,清水斷崖,2026/8/11 12:00,29.2,0,
C0Z2727,清水斷崖,2026/8/12 12:00,29.4,0,
C0Z2728,清水斷崖,2026/8/13 12:00,29.4,0.5,
